<?xml version="1.0" encoding="UTF-8"?>
<model version="1.2.0">
  <mesh path="mesh.ply">
    <faceCount>335730</faceCount>
    <vertexCount>169734</vertexCount>
    <hasVertexColors>1</hasVertexColors>
    <hasUV>1</hasUV>
  </mesh>
  <texture path="texture.png"/>
  <params>
    <dataType>uint8</dataType>
    <bands>
      <band label="Red"/>
      <band label="Green"/>
      <band label="Blue"/>
    </bands>
    <color>#ff8080b0</color>
  </params>
  <meta>
    <property name="atlas/atlas_blend_mode" value="3"/>
    <property name="atlas/atlas_count" value="1"/>
    <property name="atlas/atlas_height" value="4096"/>
    <property name="atlas/atlas_mapping_mode" value="6"/>
    <property name="atlas/atlas_width" value="4096"/>
    <property name="atlas/duration_blend" value="173.611875"/>
    <property name="atlas/duration_uv" value="84.599377"/>
    <property name="atlas/fill_holes" value="true"/>
    <property name="atlas/ghosting_filter" value="true"/>
    <property name="model/depth_downscale" value="2"/>
    <property name="model/depth_filter_mode" value="0"/>
    <property name="model/duration" value="218.938031"/>
    <property name="model/mesh_face_count" value="412533"/>
    <property name="model/mesh_interpolation" value="1"/>
    <property name="model/mesh_object_type" value="0"/>
    <property name="model/mesh_source_data" value="1"/>
    <property name="model/resolution" value="0.00243799452793134"/>
  </meta>
</model>
