<?xml version="1.0" encoding="UTF-8"?>
<depth_maps version="1.5.0">
  <depth_map camera_id="71" level="0" path="0/d71.exr">
    <calibration type="frame">
      <resolution width="2144" height="1424"/>
      <f>1606.15623341998</f>
    </calibration>
  </depth_map>
  <depth_map camera_id="71" level="1" path="1/d71.exr">
    <calibration type="frame">
      <resolution width="1072" height="712"/>
      <f>803.078116709988</f>
    </calibration>
  </depth_map>
  <depth_map camera_id="71" level="2" path="2/d71.exr">
    <calibration type="frame">
      <resolution width="536" height="356"/>
      <f>401.539058354994</f>
    </calibration>
  </depth_map>
  <depth_map camera_id="72" level="0" path="0/d72.exr">
    <calibration type="frame">
      <resolution width="2144" height="1424"/>
      <f>1606.15623341998</f>
    </calibration>
  </depth_map>
  <depth_map camera_id="72" level="1" path="1/d72.exr">
    <calibration type="frame">
      <resolution width="1072" height="712"/>
      <f>803.078116709988</f>
    </calibration>
  </depth_map>
  <depth_map camera_id="72" level="2" path="2/d72.exr">
    <calibration type="frame">
      <resolution width="536" height="356"/>
      <f>401.539058354994</f>
    </calibration>
  </depth_map>
  <depth_map camera_id="73" level="0" path="0/d73.exr">
    <calibration type="frame">
      <resolution width="2144" height="1424"/>
      <f>1606.15623341998</f>
    </calibration>
  </depth_map>
  <depth_map camera_id="73" level="1" path="1/d73.exr">
    <calibration type="frame">
      <resolution width="1072" height="712"/>
      <f>803.078116709988</f>
    </calibration>
  </depth_map>
  <depth_map camera_id="73" level="2" path="2/d73.exr">
    <calibration type="frame">
      <resolution width="536" height="356"/>
      <f>401.539058354994</f>
    </calibration>
  </depth_map>
  <depth_map camera_id="88" level="0" path="0/d88.exr">
    <calibration type="frame">
      <resolution width="2144" height="1424"/>
      <f>1606.15623341998</f>
    </calibration>
  </depth_map>
  <depth_map camera_id="88" level="1" path="1/d88.exr">
    <calibration type="frame">
      <resolution width="1072" height="712"/>
      <f>803.078116709988</f>
    </calibration>
  </depth_map>
  <depth_map camera_id="88" level="2" path="2/d88.exr">
    <calibration type="frame">
      <resolution width="536" height="356"/>
      <f>401.539058354994</f>
    </calibration>
  </depth_map>
  <depth_map camera_id="89" level="0" path="0/d89.exr">
    <calibration type="frame">
      <resolution width="2144" height="1424"/>
      <f>1606.15623341998</f>
    </calibration>
  </depth_map>
  <depth_map camera_id="89" level="1" path="1/d89.exr">
    <calibration type="frame">
      <resolution width="1072" height="712"/>
      <f>803.078116709988</f>
    </calibration>
  </depth_map>
  <depth_map camera_id="89" level="2" path="2/d89.exr">
    <calibration type="frame">
      <resolution width="536" height="356"/>
      <f>401.539058354994</f>
    </calibration>
  </depth_map>
  <depth_map camera_id="90" level="0" path="0/d90.exr">
    <calibration type="frame">
      <resolution width="2144" height="1424"/>
      <f>1606.15623341998</f>
    </calibration>
  </depth_map>
  <depth_map camera_id="90" level="1" path="1/d90.exr">
    <calibration type="frame">
      <resolution width="1072" height="712"/>
      <f>803.078116709988</f>
    </calibration>
  </depth_map>
  <depth_map camera_id="90" level="2" path="2/d90.exr">
    <calibration type="frame">
      <resolution width="536" height="356"/>
      <f>401.539058354994</f>
    </calibration>
  </depth_map>
  <depth_map camera_id="91" level="0" path="0/d91.exr">
    <calibration type="frame">
      <resolution width="2144" height="1424"/>
      <f>1606.15623341998</f>
    </calibration>
  </depth_map>
  <depth_map camera_id="91" level="1" path="1/d91.exr">
    <calibration type="frame">
      <resolution width="1072" height="712"/>
      <f>803.078116709988</f>
    </calibration>
  </depth_map>
  <depth_map camera_id="91" level="2" path="2/d91.exr">
    <calibration type="frame">
      <resolution width="536" height="356"/>
      <f>401.539058354994</f>
    </calibration>
  </depth_map>
  <depth_map camera_id="92" level="0" path="0/d92.exr">
    <calibration type="frame">
      <resolution width="2144" height="1424"/>
      <f>1606.15623341998</f>
    </calibration>
  </depth_map>
  <depth_map camera_id="92" level="1" path="1/d92.exr">
    <calibration type="frame">
      <resolution width="1072" height="712"/>
      <f>803.078116709988</f>
    </calibration>
  </depth_map>
  <depth_map camera_id="92" level="2" path="2/d92.exr">
    <calibration type="frame">
      <resolution width="536" height="356"/>
      <f>401.539058354994</f>
    </calibration>
  </depth_map>
  <depth_map camera_id="107" level="0" path="0/d107.exr">
    <calibration type="frame">
      <resolution width="2144" height="1424"/>
      <f>1606.15623341998</f>
    </calibration>
  </depth_map>
  <depth_map camera_id="107" level="1" path="1/d107.exr">
    <calibration type="frame">
      <resolution width="1072" height="712"/>
      <f>803.078116709988</f>
    </calibration>
  </depth_map>
  <depth_map camera_id="107" level="2" path="2/d107.exr">
    <calibration type="frame">
      <resolution width="536" height="356"/>
      <f>401.539058354994</f>
    </calibration>
  </depth_map>
  <depth_map camera_id="108" level="0" path="0/d108.exr">
    <calibration type="frame">
      <resolution width="2144" height="1424"/>
      <f>1606.15623341998</f>
    </calibration>
  </depth_map>
  <depth_map camera_id="108" level="1" path="1/d108.exr">
    <calibration type="frame">
      <resolution width="1072" height="712"/>
      <f>803.078116709988</f>
    </calibration>
  </depth_map>
  <depth_map camera_id="108" level="2" path="2/d108.exr">
    <calibration type="frame">
      <resolution width="536" height="356"/>
      <f>401.539058354994</f>
    </calibration>
  </depth_map>
  <depth_map camera_id="109" level="0" path="0/d109.exr">
    <calibration type="frame">
      <resolution width="2144" height="1424"/>
      <f>1606.15623341998</f>
    </calibration>
  </depth_map>
  <depth_map camera_id="109" level="1" path="1/d109.exr">
    <calibration type="frame">
      <resolution width="1072" height="712"/>
      <f>803.078116709988</f>
    </calibration>
  </depth_map>
  <depth_map camera_id="109" level="2" path="2/d109.exr">
    <calibration type="frame">
      <resolution width="536" height="356"/>
      <f>401.539058354994</f>
    </calibration>
  </depth_map>
  <depth_map camera_id="110" level="0" path="0/d110.exr">
    <calibration type="frame">
      <resolution width="2144" height="1424"/>
      <f>1606.15623341998</f>
    </calibration>
  </depth_map>
  <depth_map camera_id="110" level="1" path="1/d110.exr">
    <calibration type="frame">
      <resolution width="1072" height="712"/>
      <f>803.078116709988</f>
    </calibration>
  </depth_map>
  <depth_map camera_id="110" level="2" path="2/d110.exr">
    <calibration type="frame">
      <resolution width="536" height="356"/>
      <f>401.539058354994</f>
    </calibration>
  </depth_map>
  <depth_map camera_id="123" level="0" path="0/d123.exr">
    <calibration type="frame">
      <resolution width="2144" height="1424"/>
      <f>1606.15623341998</f>
    </calibration>
  </depth_map>
  <depth_map camera_id="123" level="1" path="1/d123.exr">
    <calibration type="frame">
      <resolution width="1072" height="712"/>
      <f>803.078116709988</f>
    </calibration>
  </depth_map>
  <depth_map camera_id="123" level="2" path="2/d123.exr">
    <calibration type="frame">
      <resolution width="536" height="356"/>
      <f>401.539058354994</f>
    </calibration>
  </depth_map>
  <depth_map camera_id="124" level="0" path="0/d124.exr">
    <calibration type="frame">
      <resolution width="2144" height="1424"/>
      <f>1606.15623341998</f>
    </calibration>
  </depth_map>
  <depth_map camera_id="124" level="1" path="1/d124.exr">
    <calibration type="frame">
      <resolution width="1072" height="712"/>
      <f>803.078116709988</f>
    </calibration>
  </depth_map>
  <depth_map camera_id="124" level="2" path="2/d124.exr">
    <calibration type="frame">
      <resolution width="536" height="356"/>
      <f>401.539058354994</f>
    </calibration>
  </depth_map>
  <depth_map camera_id="125" level="0" path="0/d125.exr">
    <calibration type="frame">
      <resolution width="2144" height="1424"/>
      <f>1606.15623341998</f>
    </calibration>
  </depth_map>
  <depth_map camera_id="125" level="1" path="1/d125.exr">
    <calibration type="frame">
      <resolution width="1072" height="712"/>
      <f>803.078116709988</f>
    </calibration>
  </depth_map>
  <depth_map camera_id="125" level="2" path="2/d125.exr">
    <calibration type="frame">
      <resolution width="536" height="356"/>
      <f>401.539058354994</f>
    </calibration>
  </depth_map>
  <depth_map camera_id="126" level="0" path="0/d126.exr">
    <calibration type="frame">
      <resolution width="2144" height="1424"/>
      <f>1606.15623341998</f>
    </calibration>
  </depth_map>
  <depth_map camera_id="126" level="1" path="1/d126.exr">
    <calibration type="frame">
      <resolution width="1072" height="712"/>
      <f>803.078116709988</f>
    </calibration>
  </depth_map>
  <depth_map camera_id="126" level="2" path="2/d126.exr">
    <calibration type="frame">
      <resolution width="536" height="356"/>
      <f>401.539058354994</f>
    </calibration>
  </depth_map>
  <depth_map camera_id="139" level="0" path="0/d139.exr">
    <calibration type="frame">
      <resolution width="2144" height="1424"/>
      <f>1606.15623341998</f>
    </calibration>
  </depth_map>
  <depth_map camera_id="139" level="1" path="1/d139.exr">
    <calibration type="frame">
      <resolution width="1072" height="712"/>
      <f>803.078116709988</f>
    </calibration>
  </depth_map>
  <depth_map camera_id="139" level="2" path="2/d139.exr">
    <calibration type="frame">
      <resolution width="536" height="356"/>
      <f>401.539058354994</f>
    </calibration>
  </depth_map>
  <depth_map camera_id="140" level="0" path="0/d140.exr">
    <calibration type="frame">
      <resolution width="2144" height="1424"/>
      <f>1606.15623341998</f>
    </calibration>
  </depth_map>
  <depth_map camera_id="140" level="1" path="1/d140.exr">
    <calibration type="frame">
      <resolution width="1072" height="712"/>
      <f>803.078116709988</f>
    </calibration>
  </depth_map>
  <depth_map camera_id="140" level="2" path="2/d140.exr">
    <calibration type="frame">
      <resolution width="536" height="356"/>
      <f>401.539058354994</f>
    </calibration>
  </depth_map>
  <depth_map camera_id="141" level="0" path="0/d141.exr">
    <calibration type="frame">
      <resolution width="2144" height="1424"/>
      <f>1606.15623341998</f>
    </calibration>
  </depth_map>
  <depth_map camera_id="141" level="1" path="1/d141.exr">
    <calibration type="frame">
      <resolution width="1072" height="712"/>
      <f>803.078116709988</f>
    </calibration>
  </depth_map>
  <depth_map camera_id="141" level="2" path="2/d141.exr">
    <calibration type="frame">
      <resolution width="536" height="356"/>
      <f>401.539058354994</f>
    </calibration>
  </depth_map>
</depth_maps>
