<?xml version="1.0" encoding="UTF-8"?>
<frame version="1.2.0">
  <cameras>
    <camera camera_id="0">
      <photo path="../../../Bag of Mail/DSC_1036.tif">
        <meta>
          <property name="Exif/ApertureValue" value="6"/>
          <property name="Exif/DateTime" value="2019:06:17 13:30:10"/>
          <property name="Exif/DateTimeOriginal" value="2019:06:17 11:29:31"/>
          <property name="Exif/ExposureTime" value="0.0333333"/>
          <property name="Exif/FNumber" value="8"/>
          <property name="Exif/FocalLength" value="18"/>
          <property name="Exif/FocalLengthIn35mmFilm" value="27"/>
          <property name="Exif/ISOSpeedRatings" value="100"/>
          <property name="Exif/Make" value="NIKON CORPORATION"/>
          <property name="Exif/Model" value="NIKON D90"/>
          <property name="Exif/Orientation" value="1"/>
          <property name="Exif/ShutterSpeedValue" value="4.90689"/>
          <property name="Exif/Software" value="Adobe Photoshop CC 2018 (Macintosh)"/>
          <property name="File/ImageHeight" value="2848"/>
          <property name="File/ImageWidth" value="4288"/>
          <property name="System/FileModifyDate" value="2019:06:17 13:30:13"/>
          <property name="System/FileSize" value="85649724"/>
        </meta>
      </photo>
    </camera>
    <camera camera_id="1">
      <photo path="../../../Bag of Mail/DSC_1037.tif">
        <meta>
          <property name="Exif/ApertureValue" value="6"/>
          <property name="Exif/DateTime" value="2019:06:17 13:31:45"/>
          <property name="Exif/DateTimeOriginal" value="2019:06:17 11:29:47"/>
          <property name="Exif/ExposureTime" value="0.0333333"/>
          <property name="Exif/FNumber" value="8"/>
          <property name="Exif/FocalLength" value="18"/>
          <property name="Exif/FocalLengthIn35mmFilm" value="27"/>
          <property name="Exif/ISOSpeedRatings" value="100"/>
          <property name="Exif/Make" value="NIKON CORPORATION"/>
          <property name="Exif/Model" value="NIKON D90"/>
          <property name="Exif/Orientation" value="1"/>
          <property name="Exif/ShutterSpeedValue" value="4.90689"/>
          <property name="Exif/Software" value="Adobe Photoshop CC 2018 (Macintosh)"/>
          <property name="File/ImageHeight" value="2848"/>
          <property name="File/ImageWidth" value="4288"/>
          <property name="System/FileModifyDate" value="2019:06:17 13:31:48"/>
          <property name="System/FileSize" value="85634016"/>
        </meta>
      </photo>
    </camera>
    <camera camera_id="2">
      <photo path="../../../Bag of Mail/DSC_1038.tif">
        <meta>
          <property name="Exif/ApertureValue" value="6"/>
          <property name="Exif/DateTime" value="2019:06:17 13:33:58"/>
          <property name="Exif/DateTimeOriginal" value="2019:06:17 11:30:39"/>
          <property name="Exif/ExposureTime" value="0.0333333"/>
          <property name="Exif/FNumber" value="8"/>
          <property name="Exif/FocalLength" value="18"/>
          <property name="Exif/FocalLengthIn35mmFilm" value="27"/>
          <property name="Exif/ISOSpeedRatings" value="100"/>
          <property name="Exif/Make" value="NIKON CORPORATION"/>
          <property name="Exif/Model" value="NIKON D90"/>
          <property name="Exif/Orientation" value="1"/>
          <property name="Exif/ShutterSpeedValue" value="4.90689"/>
          <property name="Exif/Software" value="Adobe Photoshop CC 2018 (Macintosh)"/>
          <property name="File/ImageHeight" value="2848"/>
          <property name="File/ImageWidth" value="4288"/>
          <property name="System/FileModifyDate" value="2019:06:17 13:34:02"/>
          <property name="System/FileSize" value="85615772"/>
        </meta>
      </photo>
    </camera>
    <camera camera_id="3">
      <photo path="../../../Bag of Mail/DSC_1039.tif">
        <meta>
          <property name="Exif/ApertureValue" value="6"/>
          <property name="Exif/DateTime" value="2019:06:17 13:36:45"/>
          <property name="Exif/DateTimeOriginal" value="2019:06:17 11:31:10"/>
          <property name="Exif/ExposureTime" value="0.0333333"/>
          <property name="Exif/FNumber" value="8"/>
          <property name="Exif/FocalLength" value="18"/>
          <property name="Exif/FocalLengthIn35mmFilm" value="27"/>
          <property name="Exif/ISOSpeedRatings" value="100"/>
          <property name="Exif/Make" value="NIKON CORPORATION"/>
          <property name="Exif/Model" value="NIKON D90"/>
          <property name="Exif/Orientation" value="1"/>
          <property name="Exif/ShutterSpeedValue" value="4.90689"/>
          <property name="Exif/Software" value="Adobe Photoshop CC 2018 (Macintosh)"/>
          <property name="File/ImageHeight" value="2848"/>
          <property name="File/ImageWidth" value="4288"/>
          <property name="System/FileModifyDate" value="2019:06:17 13:36:49"/>
          <property name="System/FileSize" value="85628752"/>
        </meta>
      </photo>
    </camera>
    <camera camera_id="4">
      <photo path="../../../Bag of Mail/DSC_1040.tif">
        <meta>
          <property name="Exif/ApertureValue" value="6"/>
          <property name="Exif/DateTime" value="2019:06:17 13:38:43"/>
          <property name="Exif/DateTimeOriginal" value="2019:06:17 11:31:30"/>
          <property name="Exif/ExposureTime" value="0.0333333"/>
          <property name="Exif/FNumber" value="8"/>
          <property name="Exif/FocalLength" value="18"/>
          <property name="Exif/FocalLengthIn35mmFilm" value="27"/>
          <property name="Exif/ISOSpeedRatings" value="100"/>
          <property name="Exif/Make" value="NIKON CORPORATION"/>
          <property name="Exif/Model" value="NIKON D90"/>
          <property name="Exif/Orientation" value="1"/>
          <property name="Exif/ShutterSpeedValue" value="4.90689"/>
          <property name="Exif/Software" value="Adobe Photoshop CC 2018 (Macintosh)"/>
          <property name="File/ImageHeight" value="2848"/>
          <property name="File/ImageWidth" value="4288"/>
          <property name="System/FileModifyDate" value="2019:06:17 13:38:46"/>
          <property name="System/FileSize" value="85631248"/>
        </meta>
      </photo>
    </camera>
    <camera camera_id="5">
      <photo path="../../../Bag of Mail/DSC_1041.tif">
        <meta>
          <property name="Exif/ApertureValue" value="6"/>
          <property name="Exif/DateTime" value="2019:06:17 13:40:43"/>
          <property name="Exif/DateTimeOriginal" value="2019:06:17 11:31:45"/>
          <property name="Exif/ExposureTime" value="0.0333333"/>
          <property name="Exif/FNumber" value="8"/>
          <property name="Exif/FocalLength" value="18"/>
          <property name="Exif/FocalLengthIn35mmFilm" value="27"/>
          <property name="Exif/ISOSpeedRatings" value="100"/>
          <property name="Exif/Make" value="NIKON CORPORATION"/>
          <property name="Exif/Model" value="NIKON D90"/>
          <property name="Exif/Orientation" value="1"/>
          <property name="Exif/ShutterSpeedValue" value="4.90689"/>
          <property name="Exif/Software" value="Adobe Photoshop CC 2018 (Macintosh)"/>
          <property name="File/ImageHeight" value="2848"/>
          <property name="File/ImageWidth" value="4288"/>
          <property name="System/FileModifyDate" value="2019:06:17 13:40:44"/>
          <property name="System/FileSize" value="85650920"/>
        </meta>
      </photo>
    </camera>
    <camera camera_id="6">
      <photo path="../../../Bag of Mail/DSC_1042.tif">
        <meta>
          <property name="Exif/ApertureValue" value="6"/>
          <property name="Exif/DateTime" value="2019:06:17 13:41:23"/>
          <property name="Exif/DateTimeOriginal" value="2019:06:17 11:31:55"/>
          <property name="Exif/ExposureTime" value="0.0333333"/>
          <property name="Exif/FNumber" value="8"/>
          <property name="Exif/FocalLength" value="18"/>
          <property name="Exif/FocalLengthIn35mmFilm" value="27"/>
          <property name="Exif/ISOSpeedRatings" value="100"/>
          <property name="Exif/Make" value="NIKON CORPORATION"/>
          <property name="Exif/Model" value="NIKON D90"/>
          <property name="Exif/Orientation" value="1"/>
          <property name="Exif/ShutterSpeedValue" value="4.90689"/>
          <property name="Exif/Software" value="Adobe Photoshop CC 2018 (Macintosh)"/>
          <property name="File/ImageHeight" value="2848"/>
          <property name="File/ImageWidth" value="4288"/>
          <property name="System/FileModifyDate" value="2019:06:17 13:41:25"/>
          <property name="System/FileSize" value="85649924"/>
        </meta>
      </photo>
    </camera>
    <camera camera_id="7">
      <photo path="../../../Bag of Mail/DSC_1043.tif">
        <meta>
          <property name="Exif/ApertureValue" value="6"/>
          <property name="Exif/DateTime" value="2019:06:17 13:42:03"/>
          <property name="Exif/DateTimeOriginal" value="2019:06:17 11:32:05"/>
          <property name="Exif/ExposureTime" value="0.0333333"/>
          <property name="Exif/FNumber" value="8"/>
          <property name="Exif/FocalLength" value="18"/>
          <property name="Exif/FocalLengthIn35mmFilm" value="27"/>
          <property name="Exif/ISOSpeedRatings" value="100"/>
          <property name="Exif/Make" value="NIKON CORPORATION"/>
          <property name="Exif/Model" value="NIKON D90"/>
          <property name="Exif/Orientation" value="1"/>
          <property name="Exif/ShutterSpeedValue" value="4.90689"/>
          <property name="Exif/Software" value="Adobe Photoshop CC 2018 (Macintosh)"/>
          <property name="File/ImageHeight" value="2848"/>
          <property name="File/ImageWidth" value="4288"/>
          <property name="System/FileModifyDate" value="2019:06:17 13:42:05"/>
          <property name="System/FileSize" value="85679936"/>
        </meta>
      </photo>
    </camera>
    <camera camera_id="8">
      <photo path="../../../Bag of Mail/DSC_1044.tif">
        <meta>
          <property name="Exif/ApertureValue" value="6"/>
          <property name="Exif/DateTime" value="2019:06:17 13:42:28"/>
          <property name="Exif/DateTimeOriginal" value="2019:06:17 11:32:16"/>
          <property name="Exif/ExposureTime" value="0.0333333"/>
          <property name="Exif/FNumber" value="8"/>
          <property name="Exif/FocalLength" value="18"/>
          <property name="Exif/FocalLengthIn35mmFilm" value="27"/>
          <property name="Exif/ISOSpeedRatings" value="100"/>
          <property name="Exif/Make" value="NIKON CORPORATION"/>
          <property name="Exif/Model" value="NIKON D90"/>
          <property name="Exif/Orientation" value="1"/>
          <property name="Exif/ShutterSpeedValue" value="4.90689"/>
          <property name="Exif/Software" value="Adobe Photoshop CC 2018 (Macintosh)"/>
          <property name="File/ImageHeight" value="2848"/>
          <property name="File/ImageWidth" value="4288"/>
          <property name="System/FileModifyDate" value="2019:06:17 13:42:31"/>
          <property name="System/FileSize" value="85674216"/>
        </meta>
      </photo>
    </camera>
    <camera camera_id="9">
      <photo path="../../../Bag of Mail/DSC_1045.tif">
        <meta>
          <property name="Exif/ApertureValue" value="6"/>
          <property name="Exif/DateTime" value="2019:06:17 13:45:07"/>
          <property name="Exif/DateTimeOriginal" value="2019:06:17 11:32:26"/>
          <property name="Exif/ExposureTime" value="0.0333333"/>
          <property name="Exif/FNumber" value="8"/>
          <property name="Exif/FocalLength" value="18"/>
          <property name="Exif/FocalLengthIn35mmFilm" value="27"/>
          <property name="Exif/ISOSpeedRatings" value="100"/>
          <property name="Exif/Make" value="NIKON CORPORATION"/>
          <property name="Exif/Model" value="NIKON D90"/>
          <property name="Exif/Orientation" value="1"/>
          <property name="Exif/ShutterSpeedValue" value="4.90689"/>
          <property name="Exif/Software" value="Adobe Photoshop CC 2018 (Macintosh)"/>
          <property name="File/ImageHeight" value="2848"/>
          <property name="File/ImageWidth" value="4288"/>
          <property name="System/FileModifyDate" value="2019:06:17 13:45:09"/>
          <property name="System/FileSize" value="85687544"/>
        </meta>
      </photo>
    </camera>
    <camera camera_id="10">
      <photo path="../../../Bag of Mail/DSC_1046.tif">
        <meta>
          <property name="Exif/ApertureValue" value="6"/>
          <property name="Exif/DateTime" value="2019:06:17 13:47:22"/>
          <property name="Exif/DateTimeOriginal" value="2019:06:17 11:32:37"/>
          <property name="Exif/ExposureTime" value="0.0333333"/>
          <property name="Exif/FNumber" value="8"/>
          <property name="Exif/FocalLength" value="18"/>
          <property name="Exif/FocalLengthIn35mmFilm" value="27"/>
          <property name="Exif/ISOSpeedRatings" value="100"/>
          <property name="Exif/Make" value="NIKON CORPORATION"/>
          <property name="Exif/Model" value="NIKON D90"/>
          <property name="Exif/Orientation" value="1"/>
          <property name="Exif/ShutterSpeedValue" value="4.90689"/>
          <property name="Exif/Software" value="Adobe Photoshop CC 2018 (Macintosh)"/>
          <property name="File/ImageHeight" value="2848"/>
          <property name="File/ImageWidth" value="4288"/>
          <property name="System/FileModifyDate" value="2019:06:17 13:47:24"/>
          <property name="System/FileSize" value="85654568"/>
        </meta>
      </photo>
    </camera>
    <camera camera_id="11">
      <photo path="../../../Bag of Mail/DSC_1047.tif">
        <meta>
          <property name="Exif/ApertureValue" value="6"/>
          <property name="Exif/DateTime" value="2019:06:17 13:48:24"/>
          <property name="Exif/DateTimeOriginal" value="2019:06:17 11:32:56"/>
          <property name="Exif/ExposureTime" value="0.0333333"/>
          <property name="Exif/FNumber" value="8"/>
          <property name="Exif/FocalLength" value="18"/>
          <property name="Exif/FocalLengthIn35mmFilm" value="27"/>
          <property name="Exif/ISOSpeedRatings" value="100"/>
          <property name="Exif/Make" value="NIKON CORPORATION"/>
          <property name="Exif/Model" value="NIKON D90"/>
          <property name="Exif/Orientation" value="1"/>
          <property name="Exif/ShutterSpeedValue" value="4.90689"/>
          <property name="Exif/Software" value="Adobe Photoshop CC 2018 (Macintosh)"/>
          <property name="File/ImageHeight" value="2848"/>
          <property name="File/ImageWidth" value="4288"/>
          <property name="System/FileModifyDate" value="2019:06:17 13:48:28"/>
          <property name="System/FileSize" value="85683848"/>
        </meta>
      </photo>
    </camera>
    <camera camera_id="12">
      <photo path="../../../Bag of Mail/DSC_1048.tif">
        <meta>
          <property name="Exif/ApertureValue" value="6"/>
          <property name="Exif/DateTime" value="2019:06:17 13:49:41"/>
          <property name="Exif/DateTimeOriginal" value="2019:06:17 11:33:10"/>
          <property name="Exif/ExposureTime" value="0.0333333"/>
          <property name="Exif/FNumber" value="8"/>
          <property name="Exif/FocalLength" value="18"/>
          <property name="Exif/FocalLengthIn35mmFilm" value="27"/>
          <property name="Exif/ISOSpeedRatings" value="100"/>
          <property name="Exif/Make" value="NIKON CORPORATION"/>
          <property name="Exif/Model" value="NIKON D90"/>
          <property name="Exif/Orientation" value="1"/>
          <property name="Exif/ShutterSpeedValue" value="4.90689"/>
          <property name="Exif/Software" value="Adobe Photoshop CC 2018 (Macintosh)"/>
          <property name="File/ImageHeight" value="2848"/>
          <property name="File/ImageWidth" value="4288"/>
          <property name="System/FileModifyDate" value="2019:06:17 13:49:44"/>
          <property name="System/FileSize" value="85679004"/>
        </meta>
      </photo>
    </camera>
    <camera camera_id="13">
      <photo path="../../../Bag of Mail/DSC_1049.tif">
        <meta>
          <property name="Exif/ApertureValue" value="6"/>
          <property name="Exif/DateTime" value="2019:06:17 13:51:06"/>
          <property name="Exif/DateTimeOriginal" value="2019:06:17 11:33:23"/>
          <property name="Exif/ExposureTime" value="0.0333333"/>
          <property name="Exif/FNumber" value="8"/>
          <property name="Exif/FocalLength" value="18"/>
          <property name="Exif/FocalLengthIn35mmFilm" value="27"/>
          <property name="Exif/ISOSpeedRatings" value="100"/>
          <property name="Exif/Make" value="NIKON CORPORATION"/>
          <property name="Exif/Model" value="NIKON D90"/>
          <property name="Exif/Orientation" value="1"/>
          <property name="Exif/ShutterSpeedValue" value="4.90689"/>
          <property name="Exif/Software" value="Adobe Photoshop CC 2018 (Macintosh)"/>
          <property name="File/ImageHeight" value="2848"/>
          <property name="File/ImageWidth" value="4288"/>
          <property name="System/FileModifyDate" value="2019:06:17 13:51:08"/>
          <property name="System/FileSize" value="85658664"/>
        </meta>
      </photo>
    </camera>
    <camera camera_id="14">
      <photo path="../../../Bag of Mail/DSC_1050.tif">
        <meta>
          <property name="Exif/ApertureValue" value="6"/>
          <property name="Exif/DateTime" value="2019:06:17 13:53:31"/>
          <property name="Exif/DateTimeOriginal" value="2019:06:17 11:33:33"/>
          <property name="Exif/ExposureTime" value="0.0333333"/>
          <property name="Exif/FNumber" value="8"/>
          <property name="Exif/FocalLength" value="18"/>
          <property name="Exif/FocalLengthIn35mmFilm" value="27"/>
          <property name="Exif/ISOSpeedRatings" value="100"/>
          <property name="Exif/Make" value="NIKON CORPORATION"/>
          <property name="Exif/Model" value="NIKON D90"/>
          <property name="Exif/Orientation" value="1"/>
          <property name="Exif/ShutterSpeedValue" value="4.90689"/>
          <property name="Exif/Software" value="Adobe Photoshop CC 2018 (Macintosh)"/>
          <property name="File/ImageHeight" value="2848"/>
          <property name="File/ImageWidth" value="4288"/>
          <property name="System/FileModifyDate" value="2019:06:17 13:53:33"/>
          <property name="System/FileSize" value="85650016"/>
        </meta>
      </photo>
    </camera>
    <camera camera_id="15">
      <photo path="../../../Bag of Mail/DSC_1051.tif">
        <meta>
          <property name="Exif/ApertureValue" value="6"/>
          <property name="Exif/DateTime" value="2019:06:17 10:06:08"/>
          <property name="Exif/DateTimeOriginal" value="2019:06:17 08:52:29"/>
          <property name="Exif/ExposureTime" value="0.0333333"/>
          <property name="Exif/FNumber" value="8"/>
          <property name="Exif/FocalLength" value="18"/>
          <property name="Exif/FocalLengthIn35mmFilm" value="27"/>
          <property name="Exif/ISOSpeedRatings" value="100"/>
          <property name="Exif/Make" value="NIKON CORPORATION"/>
          <property name="Exif/Model" value="NIKON D90"/>
          <property name="Exif/Orientation" value="1"/>
          <property name="Exif/ShutterSpeedValue" value="4.90689"/>
          <property name="Exif/Software" value="Adobe Photoshop CC 2018 (Macintosh)"/>
          <property name="File/ImageHeight" value="2848"/>
          <property name="File/ImageWidth" value="4288"/>
          <property name="System/FileModifyDate" value="2019:06:17 10:06:27"/>
          <property name="System/FileSize" value="85719140"/>
        </meta>
      </photo>
    </camera>
    <camera camera_id="16">
      <photo path="../../../Bag of Mail/DSC_1051 copy.tif">
        <meta>
          <property name="Exif/ApertureValue" value="6"/>
          <property name="Exif/DateTime" value="2019:06:17 13:54:46"/>
          <property name="Exif/DateTimeOriginal" value="2019:06:17 11:34:13"/>
          <property name="Exif/ExposureTime" value="0.0333333"/>
          <property name="Exif/FNumber" value="8"/>
          <property name="Exif/FocalLength" value="18"/>
          <property name="Exif/FocalLengthIn35mmFilm" value="27"/>
          <property name="Exif/ISOSpeedRatings" value="100"/>
          <property name="Exif/Make" value="NIKON CORPORATION"/>
          <property name="Exif/Model" value="NIKON D90"/>
          <property name="Exif/Orientation" value="1"/>
          <property name="Exif/ShutterSpeedValue" value="4.90689"/>
          <property name="Exif/Software" value="Adobe Photoshop CC 2018 (Macintosh)"/>
          <property name="File/ImageHeight" value="2848"/>
          <property name="File/ImageWidth" value="4288"/>
          <property name="System/FileModifyDate" value="2019:06:17 13:54:50"/>
          <property name="System/FileSize" value="85653380"/>
        </meta>
      </photo>
    </camera>
    <camera camera_id="17">
      <photo path="../../../Bag of Mail/DSC_1052.tif">
        <meta>
          <property name="Exif/ApertureValue" value="6"/>
          <property name="Exif/DateTime" value="2019:06:17 13:57:11"/>
          <property name="Exif/DateTimeOriginal" value="2019:06:17 11:36:28"/>
          <property name="Exif/ExposureTime" value="0.0333333"/>
          <property name="Exif/FNumber" value="8"/>
          <property name="Exif/FocalLength" value="18"/>
          <property name="Exif/FocalLengthIn35mmFilm" value="27"/>
          <property name="Exif/ISOSpeedRatings" value="100"/>
          <property name="Exif/Make" value="NIKON CORPORATION"/>
          <property name="Exif/Model" value="NIKON D90"/>
          <property name="Exif/Orientation" value="1"/>
          <property name="Exif/ShutterSpeedValue" value="4.90689"/>
          <property name="Exif/Software" value="Adobe Photoshop CC 2018 (Macintosh)"/>
          <property name="File/ImageHeight" value="2848"/>
          <property name="File/ImageWidth" value="4288"/>
          <property name="System/FileModifyDate" value="2019:06:17 10:57:14"/>
          <property name="System/FileSize" value="85623560"/>
        </meta>
      </photo>
    </camera>
    <camera camera_id="18">
      <photo path="../../../Bag of Mail/DSC_1053.tif">
        <meta>
          <property name="Exif/ApertureValue" value="6"/>
          <property name="Exif/DateTime" value="2019:06:17 14:03:38"/>
          <property name="Exif/DateTimeOriginal" value="2019:06:17 11:36:37"/>
          <property name="Exif/ExposureTime" value="0.0333333"/>
          <property name="Exif/FNumber" value="8"/>
          <property name="Exif/FocalLength" value="18"/>
          <property name="Exif/FocalLengthIn35mmFilm" value="27"/>
          <property name="Exif/ISOSpeedRatings" value="100"/>
          <property name="Exif/Make" value="NIKON CORPORATION"/>
          <property name="Exif/Model" value="NIKON D90"/>
          <property name="Exif/Orientation" value="1"/>
          <property name="Exif/ShutterSpeedValue" value="4.90689"/>
          <property name="Exif/Software" value="Adobe Photoshop CC 2018 (Macintosh)"/>
          <property name="File/ImageHeight" value="2848"/>
          <property name="File/ImageWidth" value="4288"/>
          <property name="System/FileModifyDate" value="2019:06:17 11:03:42"/>
          <property name="System/FileSize" value="85637976"/>
        </meta>
      </photo>
    </camera>
    <camera camera_id="19">
      <photo path="../../../Bag of Mail/DSC_1054.tif">
        <meta>
          <property name="Exif/ApertureValue" value="6"/>
          <property name="Exif/DateTime" value="2019:06:17 10:11:21"/>
          <property name="Exif/DateTimeOriginal" value="2019:06:17 08:54:08"/>
          <property name="Exif/ExposureTime" value="0.0333333"/>
          <property name="Exif/FNumber" value="8"/>
          <property name="Exif/FocalLength" value="18"/>
          <property name="Exif/FocalLengthIn35mmFilm" value="27"/>
          <property name="Exif/ISOSpeedRatings" value="100"/>
          <property name="Exif/Make" value="NIKON CORPORATION"/>
          <property name="Exif/Model" value="NIKON D90"/>
          <property name="Exif/Orientation" value="1"/>
          <property name="Exif/ShutterSpeedValue" value="4.90689"/>
          <property name="Exif/Software" value="Adobe Photoshop CC 2018 (Macintosh)"/>
          <property name="File/ImageHeight" value="2848"/>
          <property name="File/ImageWidth" value="4288"/>
          <property name="System/FileModifyDate" value="2019:06:17 10:11:25"/>
          <property name="System/FileSize" value="85713456"/>
        </meta>
      </photo>
    </camera>
    <camera camera_id="20">
      <photo path="../../../Bag of Mail/DSC_1054 copy.tif">
        <meta>
          <property name="Exif/ApertureValue" value="6"/>
          <property name="Exif/DateTime" value="2019:06:17 14:06:48"/>
          <property name="Exif/DateTimeOriginal" value="2019:06:17 11:36:46"/>
          <property name="Exif/ExposureTime" value="0.0333333"/>
          <property name="Exif/FNumber" value="8"/>
          <property name="Exif/FocalLength" value="18"/>
          <property name="Exif/FocalLengthIn35mmFilm" value="27"/>
          <property name="Exif/ISOSpeedRatings" value="100"/>
          <property name="Exif/Make" value="NIKON CORPORATION"/>
          <property name="Exif/Model" value="NIKON D90"/>
          <property name="Exif/Orientation" value="1"/>
          <property name="Exif/ShutterSpeedValue" value="4.90689"/>
          <property name="Exif/Software" value="Adobe Photoshop CC 2018 (Macintosh)"/>
          <property name="File/ImageHeight" value="2848"/>
          <property name="File/ImageWidth" value="4288"/>
          <property name="System/FileModifyDate" value="2019:06:17 11:06:50"/>
          <property name="System/FileSize" value="85680628"/>
        </meta>
      </photo>
    </camera>
    <camera camera_id="21">
      <photo path="../../../Bag of Mail/DSC_1055.tif">
        <meta>
          <property name="Exif/ApertureValue" value="6"/>
          <property name="Exif/DateTime" value="2019:06:17 10:16:01"/>
          <property name="Exif/DateTimeOriginal" value="2019:06:17 08:54:18"/>
          <property name="Exif/ExposureTime" value="0.0333333"/>
          <property name="Exif/FNumber" value="8"/>
          <property name="Exif/FocalLength" value="18"/>
          <property name="Exif/FocalLengthIn35mmFilm" value="27"/>
          <property name="Exif/ISOSpeedRatings" value="100"/>
          <property name="Exif/Make" value="NIKON CORPORATION"/>
          <property name="Exif/Model" value="NIKON D90"/>
          <property name="Exif/Orientation" value="1"/>
          <property name="Exif/ShutterSpeedValue" value="4.90689"/>
          <property name="Exif/Software" value="Adobe Photoshop CC 2018 (Macintosh)"/>
          <property name="File/ImageHeight" value="2848"/>
          <property name="File/ImageWidth" value="4288"/>
          <property name="System/FileModifyDate" value="2019:06:17 10:16:02"/>
          <property name="System/FileSize" value="85614172"/>
        </meta>
      </photo>
    </camera>
    <camera camera_id="22">
      <photo path="../../../Bag of Mail/DSC_1055 copy.tif">
        <meta>
          <property name="Exif/ApertureValue" value="6"/>
          <property name="Exif/DateTime" value="2019:06:17 14:08:39"/>
          <property name="Exif/DateTimeOriginal" value="2019:06:17 11:36:56"/>
          <property name="Exif/ExposureTime" value="0.0333333"/>
          <property name="Exif/FNumber" value="8"/>
          <property name="Exif/FocalLength" value="18"/>
          <property name="Exif/FocalLengthIn35mmFilm" value="27"/>
          <property name="Exif/ISOSpeedRatings" value="100"/>
          <property name="Exif/Make" value="NIKON CORPORATION"/>
          <property name="Exif/Model" value="NIKON D90"/>
          <property name="Exif/Orientation" value="1"/>
          <property name="Exif/ShutterSpeedValue" value="4.90689"/>
          <property name="Exif/Software" value="Adobe Photoshop CC 2018 (Macintosh)"/>
          <property name="File/ImageHeight" value="2848"/>
          <property name="File/ImageWidth" value="4288"/>
          <property name="System/FileModifyDate" value="2019:06:17 11:08:40"/>
          <property name="System/FileSize" value="85609800"/>
        </meta>
      </photo>
    </camera>
    <camera camera_id="23">
      <photo path="../../../Bag of Mail/DSC_1056.tif">
        <meta>
          <property name="Exif/ApertureValue" value="6"/>
          <property name="Exif/DateTime" value="2019:06:17 10:19:42"/>
          <property name="Exif/DateTimeOriginal" value="2019:06:17 08:54:31"/>
          <property name="Exif/ExposureTime" value="0.0333333"/>
          <property name="Exif/FNumber" value="8"/>
          <property name="Exif/FocalLength" value="18"/>
          <property name="Exif/FocalLengthIn35mmFilm" value="27"/>
          <property name="Exif/ISOSpeedRatings" value="100"/>
          <property name="Exif/Make" value="NIKON CORPORATION"/>
          <property name="Exif/Model" value="NIKON D90"/>
          <property name="Exif/Orientation" value="1"/>
          <property name="Exif/ShutterSpeedValue" value="4.90689"/>
          <property name="Exif/Software" value="Adobe Photoshop CC 2018 (Macintosh)"/>
          <property name="File/ImageHeight" value="2848"/>
          <property name="File/ImageWidth" value="4288"/>
          <property name="System/FileModifyDate" value="2019:06:17 10:19:45"/>
          <property name="System/FileSize" value="85564804"/>
        </meta>
      </photo>
    </camera>
    <camera camera_id="24">
      <photo path="../../../Bag of Mail/DSC_1056 copy.tif">
        <meta>
          <property name="Exif/ApertureValue" value="6"/>
          <property name="Exif/DateTime" value="2019:06:17 14:11:54"/>
          <property name="Exif/DateTimeOriginal" value="2019:06:17 11:37:03"/>
          <property name="Exif/ExposureTime" value="0.0333333"/>
          <property name="Exif/FNumber" value="8"/>
          <property name="Exif/FocalLength" value="18"/>
          <property name="Exif/FocalLengthIn35mmFilm" value="27"/>
          <property name="Exif/ISOSpeedRatings" value="100"/>
          <property name="Exif/Make" value="NIKON CORPORATION"/>
          <property name="Exif/Model" value="NIKON D90"/>
          <property name="Exif/Orientation" value="1"/>
          <property name="Exif/ShutterSpeedValue" value="4.90689"/>
          <property name="Exif/Software" value="Adobe Photoshop CC 2018 (Macintosh)"/>
          <property name="File/ImageHeight" value="2848"/>
          <property name="File/ImageWidth" value="4288"/>
          <property name="System/FileModifyDate" value="2019:06:17 11:11:56"/>
          <property name="System/FileSize" value="85625228"/>
        </meta>
      </photo>
    </camera>
    <camera camera_id="25">
      <photo path="../../../Bag of Mail/DSC_1057.tif">
        <meta>
          <property name="Exif/ApertureValue" value="6"/>
          <property name="Exif/DateTime" value="2019:06:17 14:13:17"/>
          <property name="Exif/DateTimeOriginal" value="2019:06:17 11:37:16"/>
          <property name="Exif/ExposureTime" value="0.0333333"/>
          <property name="Exif/FNumber" value="8"/>
          <property name="Exif/FocalLength" value="18"/>
          <property name="Exif/FocalLengthIn35mmFilm" value="27"/>
          <property name="Exif/ISOSpeedRatings" value="100"/>
          <property name="Exif/Make" value="NIKON CORPORATION"/>
          <property name="Exif/Model" value="NIKON D90"/>
          <property name="Exif/Orientation" value="1"/>
          <property name="Exif/ShutterSpeedValue" value="4.90689"/>
          <property name="Exif/Software" value="Adobe Photoshop CC 2018 (Macintosh)"/>
          <property name="File/ImageHeight" value="2848"/>
          <property name="File/ImageWidth" value="4288"/>
          <property name="System/FileModifyDate" value="2019:06:17 11:13:20"/>
          <property name="System/FileSize" value="85547548"/>
        </meta>
      </photo>
    </camera>
    <camera camera_id="26">
      <photo path="../../../Bag of Mail/DSC_1058.tif">
        <meta>
          <property name="Exif/ApertureValue" value="6"/>
          <property name="Exif/DateTime" value="2019:06:17 14:16:28"/>
          <property name="Exif/DateTimeOriginal" value="2019:06:17 11:37:26"/>
          <property name="Exif/ExposureTime" value="0.0333333"/>
          <property name="Exif/FNumber" value="8"/>
          <property name="Exif/FocalLength" value="18"/>
          <property name="Exif/FocalLengthIn35mmFilm" value="27"/>
          <property name="Exif/ISOSpeedRatings" value="100"/>
          <property name="Exif/Make" value="NIKON CORPORATION"/>
          <property name="Exif/Model" value="NIKON D90"/>
          <property name="Exif/Orientation" value="1"/>
          <property name="Exif/ShutterSpeedValue" value="4.90689"/>
          <property name="Exif/Software" value="Adobe Photoshop CC 2018 (Macintosh)"/>
          <property name="File/ImageHeight" value="2848"/>
          <property name="File/ImageWidth" value="4288"/>
          <property name="System/FileModifyDate" value="2019:06:17 11:16:30"/>
          <property name="System/FileSize" value="85467804"/>
        </meta>
      </photo>
    </camera>
    <camera camera_id="27">
      <photo path="../../../Bag of Mail/DSC_1059.tif">
        <meta>
          <property name="Exif/ApertureValue" value="6"/>
          <property name="Exif/DateTime" value="2019:06:17 14:21:21"/>
          <property name="Exif/DateTimeOriginal" value="2019:06:17 11:37:38"/>
          <property name="Exif/ExposureTime" value="0.0333333"/>
          <property name="Exif/FNumber" value="8"/>
          <property name="Exif/FocalLength" value="18"/>
          <property name="Exif/FocalLengthIn35mmFilm" value="27"/>
          <property name="Exif/ISOSpeedRatings" value="100"/>
          <property name="Exif/Make" value="NIKON CORPORATION"/>
          <property name="Exif/Model" value="NIKON D90"/>
          <property name="Exif/Orientation" value="1"/>
          <property name="Exif/ShutterSpeedValue" value="4.90689"/>
          <property name="Exif/Software" value="Adobe Photoshop CC 2018 (Macintosh)"/>
          <property name="File/ImageHeight" value="2848"/>
          <property name="File/ImageWidth" value="4288"/>
          <property name="System/FileModifyDate" value="2019:06:17 11:21:24"/>
          <property name="System/FileSize" value="85281876"/>
        </meta>
      </photo>
    </camera>
    <camera camera_id="28">
      <photo path="../../../Bag of Mail/DSC_1060.tif">
        <meta>
          <property name="Exif/ApertureValue" value="6"/>
          <property name="Exif/DateTime" value="2019:06:17 14:08:23"/>
          <property name="Exif/DateTimeOriginal" value="2019:06:17 11:37:50"/>
          <property name="Exif/ExposureTime" value="0.0333333"/>
          <property name="Exif/FNumber" value="8"/>
          <property name="Exif/FocalLength" value="18"/>
          <property name="Exif/FocalLengthIn35mmFilm" value="27"/>
          <property name="Exif/ISOSpeedRatings" value="100"/>
          <property name="Exif/Make" value="NIKON CORPORATION"/>
          <property name="Exif/Model" value="NIKON D90"/>
          <property name="Exif/Orientation" value="1"/>
          <property name="Exif/ShutterSpeedValue" value="4.90689"/>
          <property name="Exif/Software" value="Adobe Photoshop CC 2018 (Macintosh)"/>
          <property name="File/ImageHeight" value="2848"/>
          <property name="File/ImageWidth" value="4288"/>
          <property name="System/FileModifyDate" value="2019:06:17 11:08:26"/>
          <property name="System/FileSize" value="85267172"/>
        </meta>
      </photo>
    </camera>
    <camera camera_id="29">
      <photo path="../../../Bag of Mail/DSC_1061.tif">
        <meta>
          <property name="Exif/ApertureValue" value="6"/>
          <property name="Exif/DateTime" value="2019:06:17 14:16:30"/>
          <property name="Exif/DateTimeOriginal" value="2019:06:17 11:38:01"/>
          <property name="Exif/ExposureTime" value="0.0333333"/>
          <property name="Exif/FNumber" value="8"/>
          <property name="Exif/FocalLength" value="18"/>
          <property name="Exif/FocalLengthIn35mmFilm" value="27"/>
          <property name="Exif/ISOSpeedRatings" value="100"/>
          <property name="Exif/Make" value="NIKON CORPORATION"/>
          <property name="Exif/Model" value="NIKON D90"/>
          <property name="Exif/Orientation" value="1"/>
          <property name="Exif/ShutterSpeedValue" value="4.90689"/>
          <property name="Exif/Software" value="Adobe Photoshop CC 2018 (Macintosh)"/>
          <property name="File/ImageHeight" value="2848"/>
          <property name="File/ImageWidth" value="4288"/>
          <property name="System/FileModifyDate" value="2019:06:17 11:16:32"/>
          <property name="System/FileSize" value="85320820"/>
        </meta>
      </photo>
    </camera>
    <camera camera_id="30">
      <photo path="../../../Bag of Mail/DSC_1062.tif">
        <meta>
          <property name="Exif/ApertureValue" value="6"/>
          <property name="Exif/DateTime" value="2019:06:17 14:27:28"/>
          <property name="Exif/DateTimeOriginal" value="2019:06:17 11:38:08"/>
          <property name="Exif/ExposureTime" value="0.0333333"/>
          <property name="Exif/FNumber" value="8"/>
          <property name="Exif/FocalLength" value="18"/>
          <property name="Exif/FocalLengthIn35mmFilm" value="27"/>
          <property name="Exif/ISOSpeedRatings" value="100"/>
          <property name="Exif/Make" value="NIKON CORPORATION"/>
          <property name="Exif/Model" value="NIKON D90"/>
          <property name="Exif/Orientation" value="1"/>
          <property name="Exif/ShutterSpeedValue" value="4.90689"/>
          <property name="Exif/Software" value="Adobe Photoshop CC 2018 (Macintosh)"/>
          <property name="File/ImageHeight" value="2848"/>
          <property name="File/ImageWidth" value="4288"/>
          <property name="System/FileModifyDate" value="2019:06:17 11:27:32"/>
          <property name="System/FileSize" value="85043652"/>
        </meta>
      </photo>
    </camera>
    <camera camera_id="31">
      <photo path="../../../Bag of Mail/DSC_1063.tif">
        <meta>
          <property name="Exif/ApertureValue" value="6"/>
          <property name="Exif/DateTime" value="2019:06:17 14:32:08"/>
          <property name="Exif/DateTimeOriginal" value="2019:06:17 11:38:18"/>
          <property name="Exif/ExposureTime" value="0.0333333"/>
          <property name="Exif/FNumber" value="8"/>
          <property name="Exif/FocalLength" value="18"/>
          <property name="Exif/FocalLengthIn35mmFilm" value="27"/>
          <property name="Exif/ISOSpeedRatings" value="100"/>
          <property name="Exif/Make" value="NIKON CORPORATION"/>
          <property name="Exif/Model" value="NIKON D90"/>
          <property name="Exif/Orientation" value="1"/>
          <property name="Exif/ShutterSpeedValue" value="4.90689"/>
          <property name="Exif/Software" value="Adobe Photoshop CC 2018 (Macintosh)"/>
          <property name="File/ImageHeight" value="2848"/>
          <property name="File/ImageWidth" value="4288"/>
          <property name="System/FileModifyDate" value="2019:06:17 11:32:14"/>
          <property name="System/FileSize" value="85151208"/>
        </meta>
      </photo>
    </camera>
    <camera camera_id="32">
      <photo path="../../../Bag of Mail/DSC_1064.tif">
        <meta>
          <property name="Exif/ApertureValue" value="6"/>
          <property name="Exif/DateTime" value="2019:06:17 14:34:52"/>
          <property name="Exif/DateTimeOriginal" value="2019:06:17 11:38:26"/>
          <property name="Exif/ExposureTime" value="0.0333333"/>
          <property name="Exif/FNumber" value="8"/>
          <property name="Exif/FocalLength" value="18"/>
          <property name="Exif/FocalLengthIn35mmFilm" value="27"/>
          <property name="Exif/ISOSpeedRatings" value="100"/>
          <property name="Exif/Make" value="NIKON CORPORATION"/>
          <property name="Exif/Model" value="NIKON D90"/>
          <property name="Exif/Orientation" value="1"/>
          <property name="Exif/ShutterSpeedValue" value="4.90689"/>
          <property name="Exif/Software" value="Adobe Photoshop CC 2018 (Macintosh)"/>
          <property name="File/ImageHeight" value="2848"/>
          <property name="File/ImageWidth" value="4288"/>
          <property name="System/FileModifyDate" value="2019:06:17 11:34:54"/>
          <property name="System/FileSize" value="85357828"/>
        </meta>
      </photo>
    </camera>
    <camera camera_id="33">
      <photo path="../../../Bag of Mail/DSC_1065.tif">
        <meta>
          <property name="Exif/ApertureValue" value="6"/>
          <property name="Exif/DateTime" value="2019:06:17 11:11:10"/>
          <property name="Exif/DateTimeOriginal" value="2019:06:17 09:50:39"/>
          <property name="Exif/ExposureTime" value="0.0333333"/>
          <property name="Exif/FNumber" value="8"/>
          <property name="Exif/FocalLength" value="18"/>
          <property name="Exif/FocalLengthIn35mmFilm" value="27"/>
          <property name="Exif/ISOSpeedRatings" value="100"/>
          <property name="Exif/Make" value="NIKON CORPORATION"/>
          <property name="Exif/Model" value="NIKON D90"/>
          <property name="Exif/Orientation" value="1"/>
          <property name="Exif/ShutterSpeedValue" value="4.90689"/>
          <property name="Exif/Software" value="Adobe Photoshop CC 2018 (Macintosh)"/>
          <property name="File/ImageHeight" value="2848"/>
          <property name="File/ImageWidth" value="4288"/>
          <property name="System/FileModifyDate" value="2019:06:17 11:11:11"/>
          <property name="System/FileSize" value="85661216"/>
        </meta>
      </photo>
    </camera>
    <camera camera_id="34">
      <photo path="../../../Bag of Mail/DSC_1065 copy.tif">
        <meta>
          <property name="Exif/ApertureValue" value="6"/>
          <property name="Exif/DateTime" value="2019:06:17 14:37:46"/>
          <property name="Exif/DateTimeOriginal" value="2019:06:17 11:38:35"/>
          <property name="Exif/ExposureTime" value="0.0333333"/>
          <property name="Exif/FNumber" value="8"/>
          <property name="Exif/FocalLength" value="18"/>
          <property name="Exif/FocalLengthIn35mmFilm" value="27"/>
          <property name="Exif/ISOSpeedRatings" value="100"/>
          <property name="Exif/Make" value="NIKON CORPORATION"/>
          <property name="Exif/Model" value="NIKON D90"/>
          <property name="Exif/Orientation" value="1"/>
          <property name="Exif/ShutterSpeedValue" value="4.90689"/>
          <property name="Exif/Software" value="Adobe Photoshop CC 2018 (Macintosh)"/>
          <property name="File/ImageHeight" value="2848"/>
          <property name="File/ImageWidth" value="4288"/>
          <property name="System/FileModifyDate" value="2019:06:17 11:37:48"/>
          <property name="System/FileSize" value="85415732"/>
        </meta>
      </photo>
    </camera>
    <camera camera_id="35">
      <photo path="../../../Bag of Mail/DSC_1066.tif">
        <meta>
          <property name="Exif/ApertureValue" value="6"/>
          <property name="Exif/DateTime" value="2019:06:17 11:15:02"/>
          <property name="Exif/DateTimeOriginal" value="2019:06:17 09:50:53"/>
          <property name="Exif/ExposureTime" value="0.0333333"/>
          <property name="Exif/FNumber" value="8"/>
          <property name="Exif/FocalLength" value="18"/>
          <property name="Exif/FocalLengthIn35mmFilm" value="27"/>
          <property name="Exif/ISOSpeedRatings" value="100"/>
          <property name="Exif/Make" value="NIKON CORPORATION"/>
          <property name="Exif/Model" value="NIKON D90"/>
          <property name="Exif/Orientation" value="1"/>
          <property name="Exif/ShutterSpeedValue" value="4.90689"/>
          <property name="Exif/Software" value="Adobe Photoshop CC 2018 (Macintosh)"/>
          <property name="File/ImageHeight" value="2848"/>
          <property name="File/ImageWidth" value="4288"/>
          <property name="System/FileModifyDate" value="2019:06:17 11:15:05"/>
          <property name="System/FileSize" value="85653408"/>
        </meta>
      </photo>
    </camera>
    <camera camera_id="36">
      <photo path="../../../Bag of Mail/DSC_1066 copy.tif">
        <meta>
          <property name="Exif/ApertureValue" value="6"/>
          <property name="Exif/DateTime" value="2019:06:17 14:41:25"/>
          <property name="Exif/DateTimeOriginal" value="2019:06:17 11:38:45"/>
          <property name="Exif/ExposureTime" value="0.0333333"/>
          <property name="Exif/FNumber" value="8"/>
          <property name="Exif/FocalLength" value="18"/>
          <property name="Exif/FocalLengthIn35mmFilm" value="27"/>
          <property name="Exif/ISOSpeedRatings" value="100"/>
          <property name="Exif/Make" value="NIKON CORPORATION"/>
          <property name="Exif/Model" value="NIKON D90"/>
          <property name="Exif/Orientation" value="1"/>
          <property name="Exif/ShutterSpeedValue" value="4.90689"/>
          <property name="Exif/Software" value="Adobe Photoshop CC 2018 (Macintosh)"/>
          <property name="File/ImageHeight" value="2848"/>
          <property name="File/ImageWidth" value="4288"/>
          <property name="System/FileModifyDate" value="2019:06:17 11:41:28"/>
          <property name="System/FileSize" value="85464740"/>
        </meta>
      </photo>
    </camera>
    <camera camera_id="37">
      <photo path="../../../Bag of Mail/DSC_1067.tif">
        <meta>
          <property name="Exif/ApertureValue" value="6"/>
          <property name="Exif/DateTime" value="2019:06:17 11:21:06"/>
          <property name="Exif/DateTimeOriginal" value="2019:06:17 09:51:03"/>
          <property name="Exif/ExposureTime" value="0.0333333"/>
          <property name="Exif/FNumber" value="8"/>
          <property name="Exif/FocalLength" value="18"/>
          <property name="Exif/FocalLengthIn35mmFilm" value="27"/>
          <property name="Exif/ISOSpeedRatings" value="100"/>
          <property name="Exif/Make" value="NIKON CORPORATION"/>
          <property name="Exif/Model" value="NIKON D90"/>
          <property name="Exif/Orientation" value="1"/>
          <property name="Exif/ShutterSpeedValue" value="4.90689"/>
          <property name="Exif/Software" value="Adobe Photoshop CC 2018 (Macintosh)"/>
          <property name="File/ImageHeight" value="2848"/>
          <property name="File/ImageWidth" value="4288"/>
          <property name="System/FileModifyDate" value="2019:06:17 11:21:09"/>
          <property name="System/FileSize" value="85537316"/>
        </meta>
      </photo>
    </camera>
    <camera camera_id="38">
      <photo path="../../../Bag of Mail/DSC_1067 copy.tif">
        <meta>
          <property name="Exif/ApertureValue" value="6"/>
          <property name="Exif/DateTime" value="2019:06:17 14:44:00"/>
          <property name="Exif/DateTimeOriginal" value="2019:06:17 11:38:53"/>
          <property name="Exif/ExposureTime" value="0.0333333"/>
          <property name="Exif/FNumber" value="8"/>
          <property name="Exif/FocalLength" value="18"/>
          <property name="Exif/FocalLengthIn35mmFilm" value="27"/>
          <property name="Exif/ISOSpeedRatings" value="100"/>
          <property name="Exif/Make" value="NIKON CORPORATION"/>
          <property name="Exif/Model" value="NIKON D90"/>
          <property name="Exif/Orientation" value="1"/>
          <property name="Exif/ShutterSpeedValue" value="4.90689"/>
          <property name="Exif/Software" value="Adobe Photoshop CC 2018 (Macintosh)"/>
          <property name="File/ImageHeight" value="2848"/>
          <property name="File/ImageWidth" value="4288"/>
          <property name="System/FileModifyDate" value="2019:06:17 11:44:02"/>
          <property name="System/FileSize" value="85586004"/>
        </meta>
      </photo>
    </camera>
    <camera camera_id="39">
      <photo path="../../../Bag of Mail/DSC_1068.tif">
        <meta>
          <property name="Exif/ApertureValue" value="6"/>
          <property name="Exif/DateTime" value="2019:06:17 11:27:17"/>
          <property name="Exif/DateTimeOriginal" value="2019:06:17 09:51:17"/>
          <property name="Exif/ExposureTime" value="0.0333333"/>
          <property name="Exif/FNumber" value="8"/>
          <property name="Exif/FocalLength" value="18"/>
          <property name="Exif/FocalLengthIn35mmFilm" value="27"/>
          <property name="Exif/ISOSpeedRatings" value="100"/>
          <property name="Exif/Make" value="NIKON CORPORATION"/>
          <property name="Exif/Model" value="NIKON D90"/>
          <property name="Exif/Orientation" value="1"/>
          <property name="Exif/ShutterSpeedValue" value="4.90689"/>
          <property name="Exif/Software" value="Adobe Photoshop CC 2018 (Macintosh)"/>
          <property name="File/ImageHeight" value="2848"/>
          <property name="File/ImageWidth" value="4288"/>
          <property name="System/FileModifyDate" value="2019:06:17 11:27:21"/>
          <property name="System/FileSize" value="85566516"/>
        </meta>
      </photo>
    </camera>
    <camera camera_id="40">
      <photo path="../../../Bag of Mail/DSC_1069.tif">
        <meta>
          <property name="Exif/ApertureValue" value="6"/>
          <property name="Exif/DateTime" value="2019:06:17 11:32:12"/>
          <property name="Exif/DateTimeOriginal" value="2019:06:17 09:51:25"/>
          <property name="Exif/ExposureTime" value="0.0333333"/>
          <property name="Exif/FNumber" value="8"/>
          <property name="Exif/FocalLength" value="18"/>
          <property name="Exif/FocalLengthIn35mmFilm" value="27"/>
          <property name="Exif/ISOSpeedRatings" value="100"/>
          <property name="Exif/Make" value="NIKON CORPORATION"/>
          <property name="Exif/Model" value="NIKON D90"/>
          <property name="Exif/Orientation" value="1"/>
          <property name="Exif/ShutterSpeedValue" value="4.90689"/>
          <property name="Exif/Software" value="Adobe Photoshop CC 2018 (Macintosh)"/>
          <property name="File/ImageHeight" value="2848"/>
          <property name="File/ImageWidth" value="4288"/>
          <property name="System/FileModifyDate" value="2019:06:17 11:32:15"/>
          <property name="System/FileSize" value="85489904"/>
        </meta>
      </photo>
    </camera>
    <camera camera_id="41">
      <photo path="../../../Bag of Mail/DSC_1070.tif">
        <meta>
          <property name="Exif/ApertureValue" value="6"/>
          <property name="Exif/DateTime" value="2019:06:17 11:39:20"/>
          <property name="Exif/DateTimeOriginal" value="2019:06:17 09:51:38"/>
          <property name="Exif/ExposureTime" value="0.0333333"/>
          <property name="Exif/FNumber" value="8"/>
          <property name="Exif/FocalLength" value="18"/>
          <property name="Exif/FocalLengthIn35mmFilm" value="27"/>
          <property name="Exif/ISOSpeedRatings" value="100"/>
          <property name="Exif/Make" value="NIKON CORPORATION"/>
          <property name="Exif/Model" value="NIKON D90"/>
          <property name="Exif/Orientation" value="1"/>
          <property name="Exif/ShutterSpeedValue" value="4.90689"/>
          <property name="Exif/Software" value="Adobe Photoshop CC 2018 (Macintosh)"/>
          <property name="File/ImageHeight" value="2848"/>
          <property name="File/ImageWidth" value="4288"/>
          <property name="System/FileModifyDate" value="2019:06:17 11:39:22"/>
          <property name="System/FileSize" value="85612672"/>
        </meta>
      </photo>
    </camera>
    <camera camera_id="42">
      <photo path="../../../Bag of Mail/DSC_1071.tif">
        <meta>
          <property name="Exif/ApertureValue" value="6"/>
          <property name="Exif/DateTime" value="2019:06:17 11:42:30"/>
          <property name="Exif/DateTimeOriginal" value="2019:06:17 09:51:52"/>
          <property name="Exif/ExposureTime" value="0.0333333"/>
          <property name="Exif/FNumber" value="8"/>
          <property name="Exif/FocalLength" value="18"/>
          <property name="Exif/FocalLengthIn35mmFilm" value="27"/>
          <property name="Exif/ISOSpeedRatings" value="100"/>
          <property name="Exif/Make" value="NIKON CORPORATION"/>
          <property name="Exif/Model" value="NIKON D90"/>
          <property name="Exif/Orientation" value="1"/>
          <property name="Exif/ShutterSpeedValue" value="4.90689"/>
          <property name="Exif/Software" value="Adobe Photoshop CC 2018 (Macintosh)"/>
          <property name="File/ImageHeight" value="2848"/>
          <property name="File/ImageWidth" value="4288"/>
          <property name="System/FileModifyDate" value="2019:06:17 11:42:33"/>
          <property name="System/FileSize" value="85641852"/>
        </meta>
      </photo>
    </camera>
    <camera camera_id="43">
      <photo path="../../../Bag of Mail/DSC_1072.tif">
        <meta>
          <property name="Exif/ApertureValue" value="6"/>
          <property name="Exif/DateTime" value="2019:06:17 11:07:59"/>
          <property name="Exif/DateTimeOriginal" value="2019:06:17 09:53:57"/>
          <property name="Exif/ExposureTime" value="0.0333333"/>
          <property name="Exif/FNumber" value="8"/>
          <property name="Exif/FocalLength" value="18"/>
          <property name="Exif/FocalLengthIn35mmFilm" value="27"/>
          <property name="Exif/ISOSpeedRatings" value="100"/>
          <property name="Exif/Make" value="NIKON CORPORATION"/>
          <property name="Exif/Model" value="NIKON D90"/>
          <property name="Exif/Orientation" value="1"/>
          <property name="Exif/ShutterSpeedValue" value="4.90689"/>
          <property name="Exif/Software" value="Adobe Photoshop CC 2018 (Macintosh)"/>
          <property name="File/ImageHeight" value="2848"/>
          <property name="File/ImageWidth" value="4288"/>
          <property name="System/FileModifyDate" value="2019:06:17 08:08:02"/>
          <property name="System/FileSize" value="85764264"/>
        </meta>
      </photo>
    </camera>
    <camera camera_id="44">
      <photo path="../../../Bag of Mail/DSC_1074.tif">
        <meta>
          <property name="Exif/ApertureValue" value="6"/>
          <property name="Exif/DateTime" value="2019:06:17 11:10:06"/>
          <property name="Exif/DateTimeOriginal" value="2019:06:17 09:54:20"/>
          <property name="Exif/ExposureTime" value="0.0333333"/>
          <property name="Exif/FNumber" value="8"/>
          <property name="Exif/FocalLength" value="18"/>
          <property name="Exif/FocalLengthIn35mmFilm" value="27"/>
          <property name="Exif/ISOSpeedRatings" value="100"/>
          <property name="Exif/Make" value="NIKON CORPORATION"/>
          <property name="Exif/Model" value="NIKON D90"/>
          <property name="Exif/Orientation" value="1"/>
          <property name="Exif/ShutterSpeedValue" value="4.90689"/>
          <property name="Exif/Software" value="Adobe Photoshop CC 2018 (Macintosh)"/>
          <property name="File/ImageHeight" value="2848"/>
          <property name="File/ImageWidth" value="4288"/>
          <property name="System/FileModifyDate" value="2019:06:17 08:10:12"/>
          <property name="System/FileSize" value="85759392"/>
        </meta>
      </photo>
    </camera>
    <camera camera_id="45">
      <photo path="../../../Bag of Mail/DSC_1075.tif">
        <meta>
          <property name="Exif/ApertureValue" value="6"/>
          <property name="Exif/DateTime" value="2019:06:17 11:13:48"/>
          <property name="Exif/DateTimeOriginal" value="2019:06:17 09:54:32"/>
          <property name="Exif/ExposureTime" value="0.0333333"/>
          <property name="Exif/FNumber" value="8"/>
          <property name="Exif/FocalLength" value="18"/>
          <property name="Exif/FocalLengthIn35mmFilm" value="27"/>
          <property name="Exif/ISOSpeedRatings" value="100"/>
          <property name="Exif/Make" value="NIKON CORPORATION"/>
          <property name="Exif/Model" value="NIKON D90"/>
          <property name="Exif/Orientation" value="1"/>
          <property name="Exif/ShutterSpeedValue" value="4.90689"/>
          <property name="Exif/Software" value="Adobe Photoshop CC 2018 (Macintosh)"/>
          <property name="File/ImageHeight" value="2848"/>
          <property name="File/ImageWidth" value="4288"/>
          <property name="System/FileModifyDate" value="2019:06:17 08:13:56"/>
          <property name="System/FileSize" value="85817860"/>
        </meta>
      </photo>
    </camera>
    <camera camera_id="46">
      <photo path="../../../Bag of Mail/DSC_1077.tif">
        <meta>
          <property name="Exif/ApertureValue" value="6"/>
          <property name="Exif/DateTime" value="2019:06:17 11:15:56"/>
          <property name="Exif/DateTimeOriginal" value="2019:06:17 09:54:48"/>
          <property name="Exif/ExposureTime" value="0.0333333"/>
          <property name="Exif/FNumber" value="8"/>
          <property name="Exif/FocalLength" value="18"/>
          <property name="Exif/FocalLengthIn35mmFilm" value="27"/>
          <property name="Exif/ISOSpeedRatings" value="100"/>
          <property name="Exif/Make" value="NIKON CORPORATION"/>
          <property name="Exif/Model" value="NIKON D90"/>
          <property name="Exif/Orientation" value="1"/>
          <property name="Exif/ShutterSpeedValue" value="4.90689"/>
          <property name="Exif/Software" value="Adobe Photoshop CC 2018 (Macintosh)"/>
          <property name="File/ImageHeight" value="2848"/>
          <property name="File/ImageWidth" value="4288"/>
          <property name="System/FileModifyDate" value="2019:06:17 08:16:00"/>
          <property name="System/FileSize" value="85830544"/>
        </meta>
      </photo>
    </camera>
    <camera camera_id="47">
      <photo path="../../../Bag of Mail/DSC_1078.tif">
        <meta>
          <property name="Exif/ApertureValue" value="6"/>
          <property name="Exif/DateTime" value="2019:06:17 11:20:09"/>
          <property name="Exif/DateTimeOriginal" value="2019:06:17 09:55:03"/>
          <property name="Exif/ExposureTime" value="0.0333333"/>
          <property name="Exif/FNumber" value="8"/>
          <property name="Exif/FocalLength" value="18"/>
          <property name="Exif/FocalLengthIn35mmFilm" value="27"/>
          <property name="Exif/ISOSpeedRatings" value="100"/>
          <property name="Exif/Make" value="NIKON CORPORATION"/>
          <property name="Exif/Model" value="NIKON D90"/>
          <property name="Exif/Orientation" value="1"/>
          <property name="Exif/ShutterSpeedValue" value="4.90689"/>
          <property name="Exif/Software" value="Adobe Photoshop CC 2018 (Macintosh)"/>
          <property name="File/ImageHeight" value="2848"/>
          <property name="File/ImageWidth" value="4288"/>
          <property name="System/FileModifyDate" value="2019:06:17 08:20:14"/>
          <property name="System/FileSize" value="85781284"/>
        </meta>
      </photo>
    </camera>
    <camera camera_id="48">
      <photo path="../../../Bag of Mail/DSC_1079.tif">
        <meta>
          <property name="Exif/ApertureValue" value="6"/>
          <property name="Exif/DateTime" value="2019:06:17 11:21:58"/>
          <property name="Exif/DateTimeOriginal" value="2019:06:17 09:55:10"/>
          <property name="Exif/ExposureTime" value="0.0333333"/>
          <property name="Exif/FNumber" value="8"/>
          <property name="Exif/FocalLength" value="18"/>
          <property name="Exif/FocalLengthIn35mmFilm" value="27"/>
          <property name="Exif/ISOSpeedRatings" value="100"/>
          <property name="Exif/Make" value="NIKON CORPORATION"/>
          <property name="Exif/Model" value="NIKON D90"/>
          <property name="Exif/Orientation" value="1"/>
          <property name="Exif/ShutterSpeedValue" value="4.90689"/>
          <property name="Exif/Software" value="Adobe Photoshop CC 2018 (Macintosh)"/>
          <property name="File/ImageHeight" value="2848"/>
          <property name="File/ImageWidth" value="4288"/>
          <property name="System/FileModifyDate" value="2019:06:17 08:22:02"/>
          <property name="System/FileSize" value="85770392"/>
        </meta>
      </photo>
    </camera>
    <camera camera_id="49">
      <photo path="../../../Bag of Mail/DSC_1080.tif">
        <meta>
          <property name="Exif/ApertureValue" value="6"/>
          <property name="Exif/DateTime" value="2019:06:17 11:23:12"/>
          <property name="Exif/DateTimeOriginal" value="2019:06:17 09:55:22"/>
          <property name="Exif/ExposureTime" value="0.0333333"/>
          <property name="Exif/FNumber" value="8"/>
          <property name="Exif/FocalLength" value="18"/>
          <property name="Exif/FocalLengthIn35mmFilm" value="27"/>
          <property name="Exif/ISOSpeedRatings" value="100"/>
          <property name="Exif/Make" value="NIKON CORPORATION"/>
          <property name="Exif/Model" value="NIKON D90"/>
          <property name="Exif/Orientation" value="1"/>
          <property name="Exif/ShutterSpeedValue" value="4.90689"/>
          <property name="Exif/Software" value="Adobe Photoshop CC 2018 (Macintosh)"/>
          <property name="File/ImageHeight" value="2848"/>
          <property name="File/ImageWidth" value="4288"/>
          <property name="System/FileModifyDate" value="2019:06:17 08:23:20"/>
          <property name="System/FileSize" value="85740404"/>
        </meta>
      </photo>
    </camera>
    <camera camera_id="50">
      <photo path="../../../Bag of Mail/DSC_1081.tif">
        <meta>
          <property name="Exif/ApertureValue" value="6"/>
          <property name="Exif/DateTime" value="2019:06:17 11:25:56"/>
          <property name="Exif/DateTimeOriginal" value="2019:06:17 09:55:34"/>
          <property name="Exif/ExposureTime" value="0.0333333"/>
          <property name="Exif/FNumber" value="8"/>
          <property name="Exif/FocalLength" value="18"/>
          <property name="Exif/FocalLengthIn35mmFilm" value="27"/>
          <property name="Exif/ISOSpeedRatings" value="100"/>
          <property name="Exif/Make" value="NIKON CORPORATION"/>
          <property name="Exif/Model" value="NIKON D90"/>
          <property name="Exif/Orientation" value="1"/>
          <property name="Exif/ShutterSpeedValue" value="4.90689"/>
          <property name="Exif/Software" value="Adobe Photoshop CC 2018 (Macintosh)"/>
          <property name="File/ImageHeight" value="2848"/>
          <property name="File/ImageWidth" value="4288"/>
          <property name="System/FileModifyDate" value="2019:06:17 08:26:02"/>
          <property name="System/FileSize" value="85734952"/>
        </meta>
      </photo>
    </camera>
    <camera camera_id="51">
      <photo path="../../../Bag of Mail/DSC_1082.tif">
        <meta>
          <property name="Exif/ApertureValue" value="6"/>
          <property name="Exif/DateTime" value="2019:06:17 11:27:11"/>
          <property name="Exif/DateTimeOriginal" value="2019:06:17 09:55:43"/>
          <property name="Exif/ExposureTime" value="0.0333333"/>
          <property name="Exif/FNumber" value="8"/>
          <property name="Exif/FocalLength" value="18"/>
          <property name="Exif/FocalLengthIn35mmFilm" value="27"/>
          <property name="Exif/ISOSpeedRatings" value="100"/>
          <property name="Exif/Make" value="NIKON CORPORATION"/>
          <property name="Exif/Model" value="NIKON D90"/>
          <property name="Exif/Orientation" value="1"/>
          <property name="Exif/ShutterSpeedValue" value="4.90689"/>
          <property name="Exif/Software" value="Adobe Photoshop CC 2018 (Macintosh)"/>
          <property name="File/ImageHeight" value="2848"/>
          <property name="File/ImageWidth" value="4288"/>
          <property name="System/FileModifyDate" value="2019:06:17 08:27:14"/>
          <property name="System/FileSize" value="85777228"/>
        </meta>
      </photo>
    </camera>
    <camera camera_id="52">
      <photo path="../../../Bag of Mail/DSC_1083.tif">
        <meta>
          <property name="Exif/ApertureValue" value="6"/>
          <property name="Exif/DateTime" value="2019:06:17 11:29:05"/>
          <property name="Exif/DateTimeOriginal" value="2019:06:17 09:55:54"/>
          <property name="Exif/ExposureTime" value="0.0333333"/>
          <property name="Exif/FNumber" value="8"/>
          <property name="Exif/FocalLength" value="18"/>
          <property name="Exif/FocalLengthIn35mmFilm" value="27"/>
          <property name="Exif/ISOSpeedRatings" value="100"/>
          <property name="Exif/Make" value="NIKON CORPORATION"/>
          <property name="Exif/Model" value="NIKON D90"/>
          <property name="Exif/Orientation" value="1"/>
          <property name="Exif/ShutterSpeedValue" value="4.90689"/>
          <property name="Exif/Software" value="Adobe Photoshop CC 2018 (Macintosh)"/>
          <property name="File/ImageHeight" value="2848"/>
          <property name="File/ImageWidth" value="4288"/>
          <property name="System/FileModifyDate" value="2019:06:17 08:29:08"/>
          <property name="System/FileSize" value="85694224"/>
        </meta>
      </photo>
    </camera>
    <camera camera_id="53">
      <photo path="../../../Bag of Mail/DSC_1084.tif">
        <meta>
          <property name="Exif/ApertureValue" value="6"/>
          <property name="Exif/DateTime" value="2019:06:17 11:32:18"/>
          <property name="Exif/DateTimeOriginal" value="2019:06:17 09:56:01"/>
          <property name="Exif/ExposureTime" value="0.0333333"/>
          <property name="Exif/FNumber" value="8"/>
          <property name="Exif/FocalLength" value="18"/>
          <property name="Exif/FocalLengthIn35mmFilm" value="27"/>
          <property name="Exif/ISOSpeedRatings" value="100"/>
          <property name="Exif/Make" value="NIKON CORPORATION"/>
          <property name="Exif/Model" value="NIKON D90"/>
          <property name="Exif/Orientation" value="1"/>
          <property name="Exif/ShutterSpeedValue" value="4.90689"/>
          <property name="Exif/Software" value="Adobe Photoshop CC 2018 (Macintosh)"/>
          <property name="File/ImageHeight" value="2848"/>
          <property name="File/ImageWidth" value="4288"/>
          <property name="System/FileModifyDate" value="2019:06:17 08:32:20"/>
          <property name="System/FileSize" value="85721900"/>
        </meta>
      </photo>
    </camera>
    <camera camera_id="54">
      <photo path="../../../Bag of Mail/DSC_1085.tif">
        <meta>
          <property name="Exif/ApertureValue" value="6"/>
          <property name="Exif/DateTime" value="2019:06:17 11:34:56"/>
          <property name="Exif/DateTimeOriginal" value="2019:06:17 09:56:07"/>
          <property name="Exif/ExposureTime" value="0.0333333"/>
          <property name="Exif/FNumber" value="8"/>
          <property name="Exif/FocalLength" value="18"/>
          <property name="Exif/FocalLengthIn35mmFilm" value="27"/>
          <property name="Exif/ISOSpeedRatings" value="100"/>
          <property name="Exif/Make" value="NIKON CORPORATION"/>
          <property name="Exif/Model" value="NIKON D90"/>
          <property name="Exif/Orientation" value="1"/>
          <property name="Exif/ShutterSpeedValue" value="4.90689"/>
          <property name="Exif/Software" value="Adobe Photoshop CC 2018 (Macintosh)"/>
          <property name="File/ImageHeight" value="2848"/>
          <property name="File/ImageWidth" value="4288"/>
          <property name="System/FileModifyDate" value="2019:06:17 08:34:58"/>
          <property name="System/FileSize" value="85742332"/>
        </meta>
      </photo>
    </camera>
    <camera camera_id="55">
      <photo path="../../../Bag of Mail/DSC_1086.tif">
        <meta>
          <property name="Exif/ApertureValue" value="6"/>
          <property name="Exif/DateTime" value="2019:06:17 11:36:57"/>
          <property name="Exif/DateTimeOriginal" value="2019:06:17 09:56:20"/>
          <property name="Exif/ExposureTime" value="0.0333333"/>
          <property name="Exif/FNumber" value="8"/>
          <property name="Exif/FocalLength" value="18"/>
          <property name="Exif/FocalLengthIn35mmFilm" value="27"/>
          <property name="Exif/ISOSpeedRatings" value="100"/>
          <property name="Exif/Make" value="NIKON CORPORATION"/>
          <property name="Exif/Model" value="NIKON D90"/>
          <property name="Exif/Orientation" value="1"/>
          <property name="Exif/ShutterSpeedValue" value="4.90689"/>
          <property name="Exif/Software" value="Adobe Photoshop CC 2018 (Macintosh)"/>
          <property name="File/ImageHeight" value="2848"/>
          <property name="File/ImageWidth" value="4288"/>
          <property name="System/FileModifyDate" value="2019:06:17 08:37:00"/>
          <property name="System/FileSize" value="85774688"/>
        </meta>
      </photo>
    </camera>
    <camera camera_id="56">
      <photo path="../../../Bag of Mail/DSC_1087.tif">
        <meta>
          <property name="Exif/ApertureValue" value="6"/>
          <property name="Exif/DateTime" value="2019:06:17 11:38:04"/>
          <property name="Exif/DateTimeOriginal" value="2019:06:17 09:56:38"/>
          <property name="Exif/ExposureTime" value="0.0333333"/>
          <property name="Exif/FNumber" value="8"/>
          <property name="Exif/FocalLength" value="18"/>
          <property name="Exif/FocalLengthIn35mmFilm" value="27"/>
          <property name="Exif/ISOSpeedRatings" value="100"/>
          <property name="Exif/Make" value="NIKON CORPORATION"/>
          <property name="Exif/Model" value="NIKON D90"/>
          <property name="Exif/Orientation" value="1"/>
          <property name="Exif/ShutterSpeedValue" value="4.90689"/>
          <property name="Exif/Software" value="Adobe Photoshop CC 2018 (Macintosh)"/>
          <property name="File/ImageHeight" value="2848"/>
          <property name="File/ImageWidth" value="4288"/>
          <property name="System/FileModifyDate" value="2019:06:17 08:38:06"/>
          <property name="System/FileSize" value="85760504"/>
        </meta>
      </photo>
    </camera>
    <camera camera_id="57">
      <photo path="../../../Bag of Mail/DSC_1088.tif">
        <meta>
          <property name="Exif/ApertureValue" value="6"/>
          <property name="Exif/DateTime" value="2019:06:17 11:42:42"/>
          <property name="Exif/DateTimeOriginal" value="2019:06:17 09:56:50"/>
          <property name="Exif/ExposureTime" value="0.0333333"/>
          <property name="Exif/FNumber" value="8"/>
          <property name="Exif/FocalLength" value="18"/>
          <property name="Exif/FocalLengthIn35mmFilm" value="27"/>
          <property name="Exif/ISOSpeedRatings" value="100"/>
          <property name="Exif/Make" value="NIKON CORPORATION"/>
          <property name="Exif/Model" value="NIKON D90"/>
          <property name="Exif/Orientation" value="1"/>
          <property name="Exif/ShutterSpeedValue" value="4.90689"/>
          <property name="Exif/Software" value="Adobe Photoshop CC 2018 (Macintosh)"/>
          <property name="File/ImageHeight" value="2848"/>
          <property name="File/ImageWidth" value="4288"/>
          <property name="System/FileModifyDate" value="2019:06:17 08:42:44"/>
          <property name="System/FileSize" value="85814244"/>
        </meta>
      </photo>
    </camera>
    <camera camera_id="58">
      <photo path="../../../Bag of Mail/DSC_1089.tif">
        <meta>
          <property name="Exif/ApertureValue" value="6"/>
          <property name="Exif/DateTime" value="2019:06:17 11:45:02"/>
          <property name="Exif/DateTimeOriginal" value="2019:06:17 09:57:00"/>
          <property name="Exif/ExposureTime" value="0.0333333"/>
          <property name="Exif/FNumber" value="8"/>
          <property name="Exif/FocalLength" value="18"/>
          <property name="Exif/FocalLengthIn35mmFilm" value="27"/>
          <property name="Exif/ISOSpeedRatings" value="100"/>
          <property name="Exif/Make" value="NIKON CORPORATION"/>
          <property name="Exif/Model" value="NIKON D90"/>
          <property name="Exif/Orientation" value="1"/>
          <property name="Exif/ShutterSpeedValue" value="4.90689"/>
          <property name="Exif/Software" value="Adobe Photoshop CC 2018 (Macintosh)"/>
          <property name="File/ImageHeight" value="2848"/>
          <property name="File/ImageWidth" value="4288"/>
          <property name="System/FileModifyDate" value="2019:06:17 08:45:04"/>
          <property name="System/FileSize" value="85742144"/>
        </meta>
      </photo>
    </camera>
    <camera camera_id="59">
      <photo path="../../../Bag of Mail/DSC_1091.tif">
        <meta>
          <property name="Exif/ApertureValue" value="6"/>
          <property name="Exif/DateTime" value="2019:06:17 11:07:53"/>
          <property name="Exif/DateTimeOriginal" value="2019:06:17 09:58:31"/>
          <property name="Exif/ExposureTime" value="0.0333333"/>
          <property name="Exif/FNumber" value="8"/>
          <property name="Exif/FocalLength" value="18"/>
          <property name="Exif/FocalLengthIn35mmFilm" value="27"/>
          <property name="Exif/ISOSpeedRatings" value="100"/>
          <property name="Exif/Make" value="NIKON CORPORATION"/>
          <property name="Exif/Model" value="NIKON D90"/>
          <property name="Exif/Orientation" value="1"/>
          <property name="Exif/ShutterSpeedValue" value="4.90689"/>
          <property name="Exif/Software" value="Adobe Photoshop CC 2018 (Macintosh)"/>
          <property name="File/ImageHeight" value="2848"/>
          <property name="File/ImageWidth" value="4288"/>
          <property name="System/FileModifyDate" value="2019:06:17 08:08:00"/>
          <property name="System/FileSize" value="85797300"/>
        </meta>
      </photo>
    </camera>
    <camera camera_id="60">
      <photo path="../../../Bag of Mail/DSC_1092.tif">
        <meta>
          <property name="Exif/ApertureValue" value="6"/>
          <property name="Exif/DateTime" value="2019:06:17 11:32:01"/>
          <property name="Exif/DateTimeOriginal" value="2019:06:17 09:58:47"/>
          <property name="Exif/ExposureTime" value="0.0333333"/>
          <property name="Exif/FNumber" value="8"/>
          <property name="Exif/FocalLength" value="18"/>
          <property name="Exif/FocalLengthIn35mmFilm" value="27"/>
          <property name="Exif/ISOSpeedRatings" value="100"/>
          <property name="Exif/Make" value="NIKON CORPORATION"/>
          <property name="Exif/Model" value="NIKON D90"/>
          <property name="Exif/Orientation" value="1"/>
          <property name="Exif/ShutterSpeedValue" value="4.90689"/>
          <property name="Exif/Software" value="Adobe Photoshop CC 2018 (Macintosh)"/>
          <property name="File/ImageHeight" value="2848"/>
          <property name="File/ImageWidth" value="4288"/>
          <property name="System/FileModifyDate" value="2019:06:17 08:32:06"/>
          <property name="System/FileSize" value="85824652"/>
        </meta>
      </photo>
    </camera>
    <camera camera_id="61">
      <photo path="../../../Bag of Mail/DSC_1093.tif">
        <meta>
          <property name="Exif/ApertureValue" value="6"/>
          <property name="Exif/DateTime" value="2019:06:17 11:30:11"/>
          <property name="Exif/DateTimeOriginal" value="2019:06:17 09:58:55"/>
          <property name="Exif/ExposureTime" value="0.0333333"/>
          <property name="Exif/FNumber" value="8"/>
          <property name="Exif/FocalLength" value="18"/>
          <property name="Exif/FocalLengthIn35mmFilm" value="27"/>
          <property name="Exif/ISOSpeedRatings" value="100"/>
          <property name="Exif/Make" value="NIKON CORPORATION"/>
          <property name="Exif/Model" value="NIKON D90"/>
          <property name="Exif/Orientation" value="1"/>
          <property name="Exif/ShutterSpeedValue" value="4.90689"/>
          <property name="Exif/Software" value="Adobe Photoshop CC 2018 (Macintosh)"/>
          <property name="File/ImageHeight" value="2848"/>
          <property name="File/ImageWidth" value="4288"/>
          <property name="System/FileModifyDate" value="2019:06:17 08:30:14"/>
          <property name="System/FileSize" value="85774328"/>
        </meta>
      </photo>
    </camera>
    <camera camera_id="62">
      <photo path="../../../Bag of Mail/DSC_1094.tif">
        <meta>
          <property name="Exif/ApertureValue" value="6"/>
          <property name="Exif/DateTime" value="2019:06:17 11:29:12"/>
          <property name="Exif/DateTimeOriginal" value="2019:06:17 09:59:02"/>
          <property name="Exif/ExposureTime" value="0.0333333"/>
          <property name="Exif/FNumber" value="8"/>
          <property name="Exif/FocalLength" value="18"/>
          <property name="Exif/FocalLengthIn35mmFilm" value="27"/>
          <property name="Exif/ISOSpeedRatings" value="100"/>
          <property name="Exif/Make" value="NIKON CORPORATION"/>
          <property name="Exif/Model" value="NIKON D90"/>
          <property name="Exif/Orientation" value="1"/>
          <property name="Exif/ShutterSpeedValue" value="4.90689"/>
          <property name="Exif/Software" value="Adobe Photoshop CC 2018 (Macintosh)"/>
          <property name="File/ImageHeight" value="2848"/>
          <property name="File/ImageWidth" value="4288"/>
          <property name="System/FileModifyDate" value="2019:06:17 08:29:14"/>
          <property name="System/FileSize" value="85797000"/>
        </meta>
      </photo>
    </camera>
    <camera camera_id="63">
      <photo path="../../../Bag of Mail/DSC_1095.tif">
        <meta>
          <property name="Exif/ApertureValue" value="6"/>
          <property name="Exif/DateTime" value="2019:06:17 11:28:02"/>
          <property name="Exif/DateTimeOriginal" value="2019:06:17 09:59:12"/>
          <property name="Exif/ExposureTime" value="0.0333333"/>
          <property name="Exif/FNumber" value="8"/>
          <property name="Exif/FocalLength" value="18"/>
          <property name="Exif/FocalLengthIn35mmFilm" value="27"/>
          <property name="Exif/ISOSpeedRatings" value="100"/>
          <property name="Exif/Make" value="NIKON CORPORATION"/>
          <property name="Exif/Model" value="NIKON D90"/>
          <property name="Exif/Orientation" value="1"/>
          <property name="Exif/ShutterSpeedValue" value="4.90689"/>
          <property name="Exif/Software" value="Adobe Photoshop CC 2018 (Macintosh)"/>
          <property name="File/ImageHeight" value="2848"/>
          <property name="File/ImageWidth" value="4288"/>
          <property name="System/FileModifyDate" value="2019:06:17 08:28:04"/>
          <property name="System/FileSize" value="85781864"/>
        </meta>
      </photo>
    </camera>
    <camera camera_id="64">
      <photo path="../../../Bag of Mail/DSC_1096.tif">
        <meta>
          <property name="Exif/ApertureValue" value="6"/>
          <property name="Exif/DateTime" value="2019:06:17 11:26:06"/>
          <property name="Exif/DateTimeOriginal" value="2019:06:17 09:59:23"/>
          <property name="Exif/ExposureTime" value="0.0333333"/>
          <property name="Exif/FNumber" value="8"/>
          <property name="Exif/FocalLength" value="18"/>
          <property name="Exif/FocalLengthIn35mmFilm" value="27"/>
          <property name="Exif/ISOSpeedRatings" value="100"/>
          <property name="Exif/Make" value="NIKON CORPORATION"/>
          <property name="Exif/Model" value="NIKON D90"/>
          <property name="Exif/Orientation" value="1"/>
          <property name="Exif/ShutterSpeedValue" value="4.90689"/>
          <property name="Exif/Software" value="Adobe Photoshop CC 2018 (Macintosh)"/>
          <property name="File/ImageHeight" value="2848"/>
          <property name="File/ImageWidth" value="4288"/>
          <property name="System/FileModifyDate" value="2019:06:17 08:26:08"/>
          <property name="System/FileSize" value="85727860"/>
        </meta>
      </photo>
    </camera>
    <camera camera_id="65">
      <photo path="../../../Bag of Mail/DSC_1097.tif">
        <meta>
          <property name="Exif/ApertureValue" value="6"/>
          <property name="Exif/DateTime" value="2019:06:17 11:24:28"/>
          <property name="Exif/DateTimeOriginal" value="2019:06:17 09:59:40"/>
          <property name="Exif/ExposureTime" value="0.0333333"/>
          <property name="Exif/FNumber" value="8"/>
          <property name="Exif/FocalLength" value="18"/>
          <property name="Exif/FocalLengthIn35mmFilm" value="27"/>
          <property name="Exif/ISOSpeedRatings" value="100"/>
          <property name="Exif/Make" value="NIKON CORPORATION"/>
          <property name="Exif/Model" value="NIKON D90"/>
          <property name="Exif/Orientation" value="1"/>
          <property name="Exif/ShutterSpeedValue" value="4.90689"/>
          <property name="Exif/Software" value="Adobe Photoshop CC 2018 (Macintosh)"/>
          <property name="File/ImageHeight" value="2848"/>
          <property name="File/ImageWidth" value="4288"/>
          <property name="System/FileModifyDate" value="2019:06:17 08:24:30"/>
          <property name="System/FileSize" value="85668696"/>
        </meta>
      </photo>
    </camera>
    <camera camera_id="66">
      <photo path="../../../Bag of Mail/DSC_1098.tif">
        <meta>
          <property name="Exif/ApertureValue" value="6"/>
          <property name="Exif/DateTime" value="2019:06:17 11:23:40"/>
          <property name="Exif/DateTimeOriginal" value="2019:06:17 09:59:49"/>
          <property name="Exif/ExposureTime" value="0.0333333"/>
          <property name="Exif/FNumber" value="8"/>
          <property name="Exif/FocalLength" value="18"/>
          <property name="Exif/FocalLengthIn35mmFilm" value="27"/>
          <property name="Exif/ISOSpeedRatings" value="100"/>
          <property name="Exif/Make" value="NIKON CORPORATION"/>
          <property name="Exif/Model" value="NIKON D90"/>
          <property name="Exif/Orientation" value="1"/>
          <property name="Exif/ShutterSpeedValue" value="4.90689"/>
          <property name="Exif/Software" value="Adobe Photoshop CC 2018 (Macintosh)"/>
          <property name="File/ImageHeight" value="2848"/>
          <property name="File/ImageWidth" value="4288"/>
          <property name="System/FileModifyDate" value="2019:06:17 08:23:42"/>
          <property name="System/FileSize" value="85671796"/>
        </meta>
      </photo>
    </camera>
    <camera camera_id="67">
      <photo path="../../../Bag of Mail/DSC_1099.tif">
        <meta>
          <property name="Exif/ApertureValue" value="6"/>
          <property name="Exif/DateTime" value="2019:06:17 11:22:41"/>
          <property name="Exif/DateTimeOriginal" value="2019:06:17 09:59:59"/>
          <property name="Exif/ExposureTime" value="0.0333333"/>
          <property name="Exif/FNumber" value="8"/>
          <property name="Exif/FocalLength" value="18"/>
          <property name="Exif/FocalLengthIn35mmFilm" value="27"/>
          <property name="Exif/ISOSpeedRatings" value="100"/>
          <property name="Exif/Make" value="NIKON CORPORATION"/>
          <property name="Exif/Model" value="NIKON D90"/>
          <property name="Exif/Orientation" value="1"/>
          <property name="Exif/ShutterSpeedValue" value="4.90689"/>
          <property name="Exif/Software" value="Adobe Photoshop CC 2018 (Macintosh)"/>
          <property name="File/ImageHeight" value="2848"/>
          <property name="File/ImageWidth" value="4288"/>
          <property name="System/FileModifyDate" value="2019:06:17 08:22:44"/>
          <property name="System/FileSize" value="85726004"/>
        </meta>
      </photo>
    </camera>
    <camera camera_id="68">
      <photo path="../../../Bag of Mail/DSC_1100.tif">
        <meta>
          <property name="Exif/ApertureValue" value="6"/>
          <property name="Exif/DateTime" value="2019:06:17 11:21:28"/>
          <property name="Exif/DateTimeOriginal" value="2019:06:17 10:00:08"/>
          <property name="Exif/ExposureTime" value="0.0333333"/>
          <property name="Exif/FNumber" value="8"/>
          <property name="Exif/FocalLength" value="18"/>
          <property name="Exif/FocalLengthIn35mmFilm" value="27"/>
          <property name="Exif/ISOSpeedRatings" value="100"/>
          <property name="Exif/Make" value="NIKON CORPORATION"/>
          <property name="Exif/Model" value="NIKON D90"/>
          <property name="Exif/Orientation" value="1"/>
          <property name="Exif/ShutterSpeedValue" value="4.90689"/>
          <property name="Exif/Software" value="Adobe Photoshop CC 2018 (Macintosh)"/>
          <property name="File/ImageHeight" value="2848"/>
          <property name="File/ImageWidth" value="4288"/>
          <property name="System/FileModifyDate" value="2019:06:17 08:21:32"/>
          <property name="System/FileSize" value="85631920"/>
        </meta>
      </photo>
    </camera>
    <camera camera_id="69">
      <photo path="../../../Bag of Mail/DSC_1101.tif">
        <meta>
          <property name="Exif/ApertureValue" value="6"/>
          <property name="Exif/DateTime" value="2019:06:17 11:33:18"/>
          <property name="Exif/DateTimeOriginal" value="2019:06:17 10:00:16"/>
          <property name="Exif/ExposureTime" value="0.0333333"/>
          <property name="Exif/FNumber" value="8"/>
          <property name="Exif/FocalLength" value="18"/>
          <property name="Exif/FocalLengthIn35mmFilm" value="27"/>
          <property name="Exif/ISOSpeedRatings" value="100"/>
          <property name="Exif/Make" value="NIKON CORPORATION"/>
          <property name="Exif/Model" value="NIKON D90"/>
          <property name="Exif/Orientation" value="1"/>
          <property name="Exif/ShutterSpeedValue" value="4.90689"/>
          <property name="Exif/Software" value="Adobe Photoshop CC 2018 (Macintosh)"/>
          <property name="File/ImageHeight" value="2848"/>
          <property name="File/ImageWidth" value="4288"/>
          <property name="System/FileModifyDate" value="2019:06:17 08:33:20"/>
          <property name="System/FileSize" value="85688012"/>
        </meta>
      </photo>
    </camera>
    <camera camera_id="70">
      <photo path="../../../Bag of Mail/DSC_1102.tif">
        <meta>
          <property name="Exif/ApertureValue" value="6"/>
          <property name="Exif/DateTime" value="2019:06:17 11:19:30"/>
          <property name="Exif/DateTimeOriginal" value="2019:06:17 10:00:25"/>
          <property name="Exif/ExposureTime" value="0.0333333"/>
          <property name="Exif/FNumber" value="8"/>
          <property name="Exif/FocalLength" value="18"/>
          <property name="Exif/FocalLengthIn35mmFilm" value="27"/>
          <property name="Exif/ISOSpeedRatings" value="100"/>
          <property name="Exif/Make" value="NIKON CORPORATION"/>
          <property name="Exif/Model" value="NIKON D90"/>
          <property name="Exif/Orientation" value="1"/>
          <property name="Exif/ShutterSpeedValue" value="4.90689"/>
          <property name="Exif/Software" value="Adobe Photoshop CC 2018 (Macintosh)"/>
          <property name="File/ImageHeight" value="2848"/>
          <property name="File/ImageWidth" value="4288"/>
          <property name="System/FileModifyDate" value="2019:06:17 08:19:30"/>
          <property name="System/FileSize" value="85726128"/>
        </meta>
      </photo>
    </camera>
    <camera camera_id="71">
      <photo path="../../../Bag of Mail/DSC_1103.tif">
        <meta>
          <property name="Exif/ApertureValue" value="6"/>
          <property name="Exif/DateTime" value="2019:06:17 11:13:48"/>
          <property name="Exif/DateTimeOriginal" value="2019:06:17 10:01:52"/>
          <property name="Exif/ExposureTime" value="0.0333333"/>
          <property name="Exif/FNumber" value="8"/>
          <property name="Exif/FocalLength" value="18"/>
          <property name="Exif/FocalLengthIn35mmFilm" value="27"/>
          <property name="Exif/ISOSpeedRatings" value="100"/>
          <property name="Exif/Make" value="NIKON CORPORATION"/>
          <property name="Exif/Model" value="NIKON D90"/>
          <property name="Exif/Orientation" value="1"/>
          <property name="Exif/ShutterSpeedValue" value="4.90689"/>
          <property name="Exif/Software" value="Adobe Photoshop CC 2018 (Macintosh)"/>
          <property name="File/ImageHeight" value="2848"/>
          <property name="File/ImageWidth" value="4288"/>
          <property name="System/FileModifyDate" value="2019:06:17 08:13:50"/>
          <property name="System/FileSize" value="85747800"/>
        </meta>
      </photo>
    </camera>
    <camera camera_id="72">
      <photo path="../../../Bag of Mail/DSC_1104.tif">
        <meta>
          <property name="Exif/ApertureValue" value="6"/>
          <property name="Exif/DateTime" value="2019:06:17 11:12:44"/>
          <property name="Exif/DateTimeOriginal" value="2019:06:17 10:02:09"/>
          <property name="Exif/ExposureTime" value="0.0333333"/>
          <property name="Exif/FNumber" value="8"/>
          <property name="Exif/FocalLength" value="18"/>
          <property name="Exif/FocalLengthIn35mmFilm" value="27"/>
          <property name="Exif/ISOSpeedRatings" value="100"/>
          <property name="Exif/Make" value="NIKON CORPORATION"/>
          <property name="Exif/Model" value="NIKON D90"/>
          <property name="Exif/Orientation" value="1"/>
          <property name="Exif/ShutterSpeedValue" value="4.90689"/>
          <property name="Exif/Software" value="Adobe Photoshop CC 2018 (Macintosh)"/>
          <property name="File/ImageHeight" value="2848"/>
          <property name="File/ImageWidth" value="4288"/>
          <property name="System/FileModifyDate" value="2019:06:17 08:12:46"/>
          <property name="System/FileSize" value="85725996"/>
        </meta>
      </photo>
    </camera>
    <camera camera_id="73">
      <photo path="../../../Bag of Mail/DSC_1105.tif">
        <meta>
          <property name="Exif/ApertureValue" value="6"/>
          <property name="Exif/DateTime" value="2019:06:17 11:11:19"/>
          <property name="Exif/DateTimeOriginal" value="2019:06:17 10:02:20"/>
          <property name="Exif/ExposureTime" value="0.0333333"/>
          <property name="Exif/FNumber" value="8"/>
          <property name="Exif/FocalLength" value="18"/>
          <property name="Exif/FocalLengthIn35mmFilm" value="27"/>
          <property name="Exif/ISOSpeedRatings" value="100"/>
          <property name="Exif/Make" value="NIKON CORPORATION"/>
          <property name="Exif/Model" value="NIKON D90"/>
          <property name="Exif/Orientation" value="1"/>
          <property name="Exif/ShutterSpeedValue" value="4.90689"/>
          <property name="Exif/Software" value="Adobe Photoshop CC 2018 (Macintosh)"/>
          <property name="File/ImageHeight" value="2848"/>
          <property name="File/ImageWidth" value="4288"/>
          <property name="System/FileModifyDate" value="2019:06:17 08:11:22"/>
          <property name="System/FileSize" value="85826152"/>
        </meta>
      </photo>
    </camera>
    <camera camera_id="74">
      <photo path="../../../Bag of Mail/DSC_1106.tif">
        <meta>
          <property name="Exif/ApertureValue" value="6"/>
          <property name="Exif/DateTime" value="2019:06:17 11:09:01"/>
          <property name="Exif/DateTimeOriginal" value="2019:06:17 10:02:32"/>
          <property name="Exif/ExposureTime" value="0.0333333"/>
          <property name="Exif/FNumber" value="8"/>
          <property name="Exif/FocalLength" value="18"/>
          <property name="Exif/FocalLengthIn35mmFilm" value="27"/>
          <property name="Exif/ISOSpeedRatings" value="100"/>
          <property name="Exif/Make" value="NIKON CORPORATION"/>
          <property name="Exif/Model" value="NIKON D90"/>
          <property name="Exif/Orientation" value="1"/>
          <property name="Exif/ShutterSpeedValue" value="4.90689"/>
          <property name="Exif/Software" value="Adobe Photoshop CC 2018 (Macintosh)"/>
          <property name="File/ImageHeight" value="2848"/>
          <property name="File/ImageWidth" value="4288"/>
          <property name="System/FileModifyDate" value="2019:06:17 08:09:04"/>
          <property name="System/FileSize" value="85749188"/>
        </meta>
      </photo>
    </camera>
  </cameras>
  <masks path="masks/masks.zip"/>
  <thumbnails path="thumbnails/thumbnails.zip"/>
  <point_cloud path="point_cloud/point_cloud.zip"/>
  <depth_maps id="0" path="depth_maps/depth_maps.zip"/>
  <dense_cloud id="0" path="dense_cloud/dense_cloud.zip"/>
  <model id="0" path="model.1/model.zip"/>
</frame>
