<?xml version="1.0" encoding="UTF-8"?>
<point_cloud version="1.2.0">
  <params>
    <dataType>uint8</dataType>
    <bands>
      <band label="Red"/>
      <band label="Green"/>
      <band label="Blue"/>
    </bands>
  </params>
  <tracks path="tracks.ply" count="33903"/>
  <points path="points.ply" count="30557"/>
  <projections camera_id="0" path="p0.ply" count="2892"/>
  <projections camera_id="1" path="p1.ply" count="3382"/>
  <projections camera_id="2" path="p2.ply" count="1717"/>
  <projections camera_id="3" path="p3.ply" count="828"/>
  <projections camera_id="4" path="p4.ply" count="1259"/>
  <projections camera_id="5" path="p5.ply" count="1461"/>
  <projections camera_id="6" path="p6.ply" count="773"/>
  <projections camera_id="7" path="p7.ply" count="866"/>
  <projections camera_id="8" path="p8.ply" count="1805"/>
  <projections camera_id="9" path="p9.ply" count="2352"/>
  <projections camera_id="10" path="p10.ply" count="1655"/>
  <projections camera_id="11" path="p11.ply" count="1240"/>
  <projections camera_id="12" path="p12.ply" count="1112"/>
  <projections camera_id="13" path="p13.ply" count="856"/>
  <projections camera_id="14" path="p14.ply" count="388"/>
  <projections camera_id="15" path="p15.ply" count="1264"/>
  <projections camera_id="16" path="p16.ply" count="3848"/>
  <projections camera_id="17" path="p17.ply" count="4086"/>
  <projections camera_id="18" path="p18.ply" count="2379"/>
  <projections camera_id="19" path="p19.ply" count="1294"/>
  <projections camera_id="20" path="p20.ply" count="1433"/>
  <projections camera_id="21" path="p21.ply" count="1609"/>
  <projections camera_id="22" path="p22.ply" count="1257"/>
  <projections camera_id="23" path="p23.ply" count="1479"/>
  <projections camera_id="24" path="p24.ply" count="2351"/>
  <projections camera_id="25" path="p25.ply" count="2534"/>
  <projections camera_id="26" path="p26.ply" count="2078"/>
  <projections camera_id="27" path="p27.ply" count="1884"/>
  <projections camera_id="28" path="p28.ply" count="1540"/>
  <projections camera_id="29" path="p29.ply" count="1237"/>
  <projections camera_id="30" path="p30.ply" count="795"/>
  <projections camera_id="31" path="p31.ply" count="1588"/>
  <projections camera_id="32" path="p32.ply" count="3429"/>
  <projections camera_id="33" path="p33.ply" count="3267"/>
  <projections camera_id="34" path="p34.ply" count="2347"/>
  <projections camera_id="35" path="p35.ply" count="1406"/>
  <projections camera_id="36" path="p36.ply" count="1543"/>
  <projections camera_id="37" path="p37.ply" count="1777"/>
  <projections camera_id="38" path="p38.ply" count="1568"/>
  <projections camera_id="39" path="p39.ply" count="1699"/>
  <projections camera_id="40" path="p40.ply" count="2392"/>
  <projections camera_id="41" path="p41.ply" count="2482"/>
  <projections camera_id="42" path="p42.ply" count="2253"/>
  <projections camera_id="43" path="p43.ply" count="1966"/>
  <projections camera_id="44" path="p44.ply" count="1662"/>
  <projections camera_id="45" path="p45.ply" count="1502"/>
  <projections camera_id="46" path="p46.ply" count="1031"/>
  <projections camera_id="47" path="p47.ply" count="1626"/>
  <projections camera_id="48" path="p48.ply" count="2199"/>
  <projections camera_id="49" path="p49.ply" count="2257"/>
  <projections camera_id="50" path="p50.ply" count="1712"/>
  <projections camera_id="51" path="p51.ply" count="990"/>
  <projections camera_id="52" path="p52.ply" count="1083"/>
  <projections camera_id="53" path="p53.ply" count="1248"/>
  <projections camera_id="54" path="p54.ply" count="1079"/>
  <projections camera_id="55" path="p55.ply" count="1123"/>
  <projections camera_id="56" path="p56.ply" count="1628"/>
  <projections camera_id="57" path="p57.ply" count="1695"/>
  <projections camera_id="58" path="p58.ply" count="1363"/>
  <projections camera_id="59" path="p59.ply" count="1293"/>
  <projections camera_id="60" path="p60.ply" count="1365"/>
  <projections camera_id="61" path="p61.ply" count="1268"/>
  <projections camera_id="62" path="p62.ply" count="869"/>
  <projections camera_id="63" path="p63.ply" count="1257"/>
  <meta>
    <property name="match/duration" value="117.648082"/>
    <property name="match/mask_tiepoints" value="true"/>
    <property name="match/match_downscale" value="1"/>
    <property name="match/match_filter_mask" value="true"/>
    <property name="match/match_point_limit" value="40000"/>
    <property name="match/match_preselection_generic" value="true"/>
    <property name="match/match_tiepoint_limit" value="4000"/>
  </meta>
</point_cloud>
