<?xml version="1.0" encoding="UTF-8"?>
<point_cloud version="1.2.0">
  <params>
    <dataType>uint8</dataType>
    <bands>
      <band label="Red"/>
      <band label="Green"/>
      <band label="Blue"/>
    </bands>
  </params>
  <tracks path="tracks.ply" count="16620"/>
  <points path="points.ply" count="8614"/>
  <projections camera_id="0" path="p0.ply" count="2495"/>
  <projections camera_id="1" path="p1.ply" count="2469"/>
  <projections camera_id="2" path="p2.ply" count="90"/>
  <projections camera_id="3" path="p3.ply" count="90"/>
  <projections camera_id="4" path="p4.ply" count="95"/>
  <projections camera_id="5" path="p5.ply" count="88"/>
  <projections camera_id="6" path="p6.ply" count="90"/>
  <projections camera_id="7" path="p7.ply" count="115"/>
  <projections camera_id="8" path="p8.ply" count="88"/>
  <projections camera_id="9" path="p9.ply" count="81"/>
  <projections camera_id="11" path="p11.ply" count="86"/>
  <projections camera_id="12" path="p12.ply" count="145"/>
  <projections camera_id="13" path="p13.ply" count="93"/>
  <projections camera_id="14" path="p14.ply" count="161"/>
  <projections camera_id="15" path="p15.ply" count="145"/>
  <projections camera_id="16" path="p16.ply" count="119"/>
  <projections camera_id="17" path="p17.ply" count="99"/>
  <projections camera_id="18" path="p18.ply" count="847"/>
  <projections camera_id="19" path="p19.ply" count="114"/>
  <projections camera_id="20" path="p20.ply" count="961"/>
  <projections camera_id="21" path="p21.ply" count="998"/>
  <projections camera_id="22" path="p22.ply" count="1134"/>
  <projections camera_id="23" path="p23.ply" count="642"/>
  <projections camera_id="24" path="p24.ply" count="1741"/>
  <projections camera_id="25" path="p25.ply" count="1030"/>
  <projections camera_id="26" path="p26.ply" count="900"/>
  <projections camera_id="27" path="p27.ply" count="917"/>
  <projections camera_id="28" path="p28.ply" count="1222"/>
  <projections camera_id="29" path="p29.ply" count="1527"/>
  <projections camera_id="30" path="p30.ply" count="1152"/>
  <projections camera_id="31" path="p31.ply" count="933"/>
  <projections camera_id="32" path="p32.ply" count="1051"/>
  <projections camera_id="33" path="p33.ply" count="1340"/>
  <projections camera_id="34" path="p34.ply" count="773"/>
  <projections camera_id="35" path="p35.ply" count="604"/>
  <projections camera_id="36" path="p36.ply" count="508"/>
  <projections camera_id="37" path="p37.ply" count="606"/>
  <projections camera_id="38" path="p38.ply" count="584"/>
  <projections camera_id="39" path="p39.ply" count="479"/>
  <projections camera_id="40" path="p40.ply" count="455"/>
  <projections camera_id="41" path="p41.ply" count="691"/>
  <projections camera_id="42" path="p42.ply" count="968"/>
  <projections camera_id="43" path="p43.ply" count="1480"/>
  <projections camera_id="44" path="p44.ply" count="676"/>
  <projections camera_id="45" path="p45.ply" count="765"/>
  <projections camera_id="46" path="p46.ply" count="792"/>
  <projections camera_id="47" path="p47.ply" count="623"/>
  <projections camera_id="48" path="p48.ply" count="532"/>
  <projections camera_id="49" path="p49.ply" count="639"/>
  <projections camera_id="50" path="p50.ply" count="649"/>
  <projections camera_id="51" path="p51.ply" count="502"/>
  <projections camera_id="52" path="p52.ply" count="2498"/>
  <projections camera_id="53" path="p53.ply" count="2470"/>
  <projections camera_id="54" path="p54.ply" count="826"/>
  <projections camera_id="55" path="p55.ply" count="693"/>
  <projections camera_id="56" path="p56.ply" count="731"/>
  <projections camera_id="57" path="p57.ply" count="600"/>
  <projections camera_id="58" path="p58.ply" count="813"/>
  <projections camera_id="59" path="p59.ply" count="1374"/>
  <projections camera_id="60" path="p60.ply" count="311"/>
  <projections camera_id="61" path="p61.ply" count="96"/>
  <projections camera_id="62" path="p62.ply" count="89"/>
  <projections camera_id="63" path="p63.ply" count="168"/>
  <projections camera_id="64" path="p64.ply" count="222"/>
  <projections camera_id="65" path="p65.ply" count="200"/>
  <projections camera_id="66" path="p66.ply" count="205"/>
  <projections camera_id="67" path="p67.ply" count="172"/>
  <projections camera_id="68" path="p68.ply" count="78"/>
  <projections camera_id="69" path="p69.ply" count="47"/>
  <projections camera_id="70" path="p70.ply" count="82"/>
  <projections camera_id="71" path="p71.ply" count="264"/>
  <projections camera_id="72" path="p72.ply" count="260"/>
  <projections camera_id="73" path="p73.ply" count="165"/>
  <projections camera_id="74" path="p74.ply" count="136"/>
  <projections camera_id="75" path="p75.ply" count="13"/>
  <projections camera_id="76" path="p76.ply" count="115"/>
  <projections camera_id="77" path="p77.ply" count="113"/>
  <projections camera_id="78" path="p78.ply" count="197"/>
  <projections camera_id="79" path="p79.ply" count="286"/>
  <projections camera_id="80" path="p80.ply" count="251"/>
  <projections camera_id="81" path="p81.ply" count="249"/>
  <meta>
    <property name="match/duration" value="171.044422"/>
    <property name="match/mask_tiepoints" value="false"/>
    <property name="match/match_downscale" value="1"/>
    <property name="match/match_filter_mask" value="true"/>
    <property name="match/match_point_limit" value="40000"/>
    <property name="match/match_preselection_generic" value="true"/>
    <property name="match/match_tiepoint_limit" value="4000"/>
  </meta>
</point_cloud>
