<?xml version="1.0" encoding="UTF-8"?>
<dense_cloud version="1.2.0">
  <tiles>
    <tile path="dense_cloud.oc3">
      <totalCount>1068625</totalCount>
      <validCount>1055839</validCount>
      <pointCount class="0">1055839</pointCount>
    </tile>
  </tiles>
  <params>
    <dataType>uint8</dataType>
    <bands>
      <band label="Red"/>
      <band label="Green"/>
      <band label="Blue"/>
    </bands>
  </params>
  <meta>
    <property name="dense_cloud/density" value="100"/>
    <property name="dense_cloud/depth_downscale" value="2"/>
    <property name="dense_cloud/depth_filter_mode" value="0"/>
    <property name="dense_cloud/duration" value="241.04139"/>
    <property name="dense_cloud/resolution" value="0.0043592028075738"/>
    <property name="depth/duration" value="665.736407"/>
  </meta>
</dense_cloud>
