<?xml version="1.0" encoding="UTF-8"?>
<depth_maps version="1.5.0">
  <depth_map camera_id="4" level="0" path="0/d4.exr">
    <calibration type="frame">
      <resolution width="2144" height="1424"/>
      <f>1606.15623341998</f>
    </calibration>
  </depth_map>
  <depth_map camera_id="4" level="1" path="1/d4.exr">
    <calibration type="frame">
      <resolution width="1072" height="712"/>
      <f>803.078116709988</f>
    </calibration>
  </depth_map>
  <depth_map camera_id="4" level="2" path="2/d4.exr">
    <calibration type="frame">
      <resolution width="536" height="356"/>
      <f>401.539058354994</f>
    </calibration>
  </depth_map>
  <depth_map camera_id="5" level="0" path="0/d5.exr">
    <calibration type="frame">
      <resolution width="2144" height="1424"/>
      <f>1606.15623341998</f>
    </calibration>
  </depth_map>
  <depth_map camera_id="5" level="1" path="1/d5.exr">
    <calibration type="frame">
      <resolution width="1072" height="712"/>
      <f>803.078116709988</f>
    </calibration>
  </depth_map>
  <depth_map camera_id="5" level="2" path="2/d5.exr">
    <calibration type="frame">
      <resolution width="536" height="356"/>
      <f>401.539058354994</f>
    </calibration>
  </depth_map>
  <depth_map camera_id="6" level="0" path="0/d6.exr">
    <calibration type="frame">
      <resolution width="2144" height="1424"/>
      <f>1606.15623341998</f>
    </calibration>
  </depth_map>
  <depth_map camera_id="6" level="1" path="1/d6.exr">
    <calibration type="frame">
      <resolution width="1072" height="712"/>
      <f>803.078116709988</f>
    </calibration>
  </depth_map>
  <depth_map camera_id="6" level="2" path="2/d6.exr">
    <calibration type="frame">
      <resolution width="536" height="356"/>
      <f>401.539058354994</f>
    </calibration>
  </depth_map>
  <depth_map camera_id="7" level="0" path="0/d7.exr">
    <calibration type="frame">
      <resolution width="2144" height="1424"/>
      <f>1606.15623341998</f>
    </calibration>
  </depth_map>
  <depth_map camera_id="7" level="1" path="1/d7.exr">
    <calibration type="frame">
      <resolution width="1072" height="712"/>
      <f>803.078116709988</f>
    </calibration>
  </depth_map>
  <depth_map camera_id="7" level="2" path="2/d7.exr">
    <calibration type="frame">
      <resolution width="536" height="356"/>
      <f>401.539058354994</f>
    </calibration>
  </depth_map>
  <depth_map camera_id="20" level="0" path="0/d20.exr">
    <calibration type="frame">
      <resolution width="2144" height="1424"/>
      <f>1606.15623341998</f>
    </calibration>
  </depth_map>
  <depth_map camera_id="20" level="1" path="1/d20.exr">
    <calibration type="frame">
      <resolution width="1072" height="712"/>
      <f>803.078116709988</f>
    </calibration>
  </depth_map>
  <depth_map camera_id="20" level="2" path="2/d20.exr">
    <calibration type="frame">
      <resolution width="536" height="356"/>
      <f>401.539058354994</f>
    </calibration>
  </depth_map>
  <depth_map camera_id="21" level="0" path="0/d21.exr">
    <calibration type="frame">
      <resolution width="2144" height="1424"/>
      <f>1606.15623341998</f>
    </calibration>
  </depth_map>
  <depth_map camera_id="21" level="1" path="1/d21.exr">
    <calibration type="frame">
      <resolution width="1072" height="712"/>
      <f>803.078116709988</f>
    </calibration>
  </depth_map>
  <depth_map camera_id="21" level="2" path="2/d21.exr">
    <calibration type="frame">
      <resolution width="536" height="356"/>
      <f>401.539058354994</f>
    </calibration>
  </depth_map>
  <depth_map camera_id="21" level="3" path="3/d21.exr">
    <calibration type="frame">
      <resolution width="268" height="178"/>
      <f>200.769529177497</f>
    </calibration>
  </depth_map>
  <depth_map camera_id="22" level="0" path="0/d22.exr">
    <calibration type="frame">
      <resolution width="2144" height="1424"/>
      <f>1606.15623341998</f>
    </calibration>
  </depth_map>
  <depth_map camera_id="22" level="1" path="1/d22.exr">
    <calibration type="frame">
      <resolution width="1072" height="712"/>
      <f>803.078116709988</f>
    </calibration>
  </depth_map>
  <depth_map camera_id="22" level="2" path="2/d22.exr">
    <calibration type="frame">
      <resolution width="536" height="356"/>
      <f>401.539058354994</f>
    </calibration>
  </depth_map>
  <depth_map camera_id="22" level="3" path="3/d22.exr">
    <calibration type="frame">
      <resolution width="268" height="178"/>
      <f>200.769529177497</f>
    </calibration>
  </depth_map>
  <depth_map camera_id="23" level="0" path="0/d23.exr">
    <calibration type="frame">
      <resolution width="2144" height="1424"/>
      <f>1606.15623341998</f>
    </calibration>
  </depth_map>
  <depth_map camera_id="23" level="1" path="1/d23.exr">
    <calibration type="frame">
      <resolution width="1072" height="712"/>
      <f>803.078116709988</f>
    </calibration>
  </depth_map>
  <depth_map camera_id="23" level="2" path="2/d23.exr">
    <calibration type="frame">
      <resolution width="536" height="356"/>
      <f>401.539058354994</f>
    </calibration>
  </depth_map>
  <depth_map camera_id="23" level="3" path="3/d23.exr">
    <calibration type="frame">
      <resolution width="268" height="178"/>
      <f>200.769529177497</f>
    </calibration>
  </depth_map>
  <depth_map camera_id="36" level="0" path="0/d36.exr">
    <calibration type="frame">
      <resolution width="2144" height="1424"/>
      <f>1606.15623341998</f>
    </calibration>
  </depth_map>
  <depth_map camera_id="36" level="1" path="1/d36.exr">
    <calibration type="frame">
      <resolution width="1072" height="712"/>
      <f>803.078116709988</f>
    </calibration>
  </depth_map>
  <depth_map camera_id="36" level="2" path="2/d36.exr">
    <calibration type="frame">
      <resolution width="536" height="356"/>
      <f>401.539058354994</f>
    </calibration>
  </depth_map>
  <depth_map camera_id="37" level="0" path="0/d37.exr">
    <calibration type="frame">
      <resolution width="2144" height="1424"/>
      <f>1606.15623341998</f>
    </calibration>
  </depth_map>
  <depth_map camera_id="37" level="1" path="1/d37.exr">
    <calibration type="frame">
      <resolution width="1072" height="712"/>
      <f>803.078116709988</f>
    </calibration>
  </depth_map>
  <depth_map camera_id="37" level="2" path="2/d37.exr">
    <calibration type="frame">
      <resolution width="536" height="356"/>
      <f>401.539058354994</f>
    </calibration>
  </depth_map>
  <depth_map camera_id="37" level="3" path="3/d37.exr">
    <calibration type="frame">
      <resolution width="268" height="178"/>
      <f>200.769529177497</f>
    </calibration>
  </depth_map>
  <depth_map camera_id="38" level="0" path="0/d38.exr">
    <calibration type="frame">
      <resolution width="2144" height="1424"/>
      <f>1606.15623341998</f>
    </calibration>
  </depth_map>
  <depth_map camera_id="38" level="1" path="1/d38.exr">
    <calibration type="frame">
      <resolution width="1072" height="712"/>
      <f>803.078116709988</f>
    </calibration>
  </depth_map>
  <depth_map camera_id="38" level="2" path="2/d38.exr">
    <calibration type="frame">
      <resolution width="536" height="356"/>
      <f>401.539058354994</f>
    </calibration>
  </depth_map>
  <depth_map camera_id="38" level="3" path="3/d38.exr">
    <calibration type="frame">
      <resolution width="268" height="178"/>
      <f>200.769529177497</f>
    </calibration>
  </depth_map>
  <depth_map camera_id="39" level="0" path="0/d39.exr">
    <calibration type="frame">
      <resolution width="2144" height="1424"/>
      <f>1606.15623341998</f>
    </calibration>
  </depth_map>
  <depth_map camera_id="39" level="1" path="1/d39.exr">
    <calibration type="frame">
      <resolution width="1072" height="712"/>
      <f>803.078116709988</f>
    </calibration>
  </depth_map>
  <depth_map camera_id="39" level="2" path="2/d39.exr">
    <calibration type="frame">
      <resolution width="536" height="356"/>
      <f>401.539058354994</f>
    </calibration>
  </depth_map>
  <depth_map camera_id="39" level="3" path="3/d39.exr">
    <calibration type="frame">
      <resolution width="268" height="178"/>
      <f>200.769529177497</f>
    </calibration>
  </depth_map>
  <depth_map camera_id="52" level="0" path="0/d52.exr">
    <calibration type="frame">
      <resolution width="2144" height="1424"/>
      <f>1606.15623341998</f>
    </calibration>
  </depth_map>
  <depth_map camera_id="52" level="1" path="1/d52.exr">
    <calibration type="frame">
      <resolution width="1072" height="712"/>
      <f>803.078116709988</f>
    </calibration>
  </depth_map>
  <depth_map camera_id="52" level="2" path="2/d52.exr">
    <calibration type="frame">
      <resolution width="536" height="356"/>
      <f>401.539058354994</f>
    </calibration>
  </depth_map>
  <depth_map camera_id="53" level="0" path="0/d53.exr">
    <calibration type="frame">
      <resolution width="2144" height="1424"/>
      <f>1606.15623341998</f>
    </calibration>
  </depth_map>
  <depth_map camera_id="53" level="1" path="1/d53.exr">
    <calibration type="frame">
      <resolution width="1072" height="712"/>
      <f>803.078116709988</f>
    </calibration>
  </depth_map>
  <depth_map camera_id="53" level="2" path="2/d53.exr">
    <calibration type="frame">
      <resolution width="536" height="356"/>
      <f>401.539058354994</f>
    </calibration>
  </depth_map>
  <depth_map camera_id="53" level="3" path="3/d53.exr">
    <calibration type="frame">
      <resolution width="268" height="178"/>
      <f>200.769529177497</f>
    </calibration>
  </depth_map>
  <depth_map camera_id="54" level="0" path="0/d54.exr">
    <calibration type="frame">
      <resolution width="2144" height="1424"/>
      <f>1606.15623341998</f>
    </calibration>
  </depth_map>
  <depth_map camera_id="54" level="1" path="1/d54.exr">
    <calibration type="frame">
      <resolution width="1072" height="712"/>
      <f>803.078116709988</f>
    </calibration>
  </depth_map>
  <depth_map camera_id="54" level="2" path="2/d54.exr">
    <calibration type="frame">
      <resolution width="536" height="356"/>
      <f>401.539058354994</f>
    </calibration>
  </depth_map>
  <depth_map camera_id="54" level="3" path="3/d54.exr">
    <calibration type="frame">
      <resolution width="268" height="178"/>
      <f>200.769529177497</f>
    </calibration>
  </depth_map>
  <depth_map camera_id="55" level="0" path="0/d55.exr">
    <calibration type="frame">
      <resolution width="2144" height="1424"/>
      <f>1606.15623341998</f>
    </calibration>
  </depth_map>
  <depth_map camera_id="55" level="1" path="1/d55.exr">
    <calibration type="frame">
      <resolution width="1072" height="712"/>
      <f>803.078116709988</f>
    </calibration>
  </depth_map>
  <depth_map camera_id="55" level="2" path="2/d55.exr">
    <calibration type="frame">
      <resolution width="536" height="356"/>
      <f>401.539058354994</f>
    </calibration>
  </depth_map>
  <depth_map camera_id="55" level="3" path="3/d55.exr">
    <calibration type="frame">
      <resolution width="268" height="178"/>
      <f>200.769529177497</f>
    </calibration>
  </depth_map>
</depth_maps>
