<?xml version="1.0" encoding="UTF-8"?>
<depth_maps version="1.5.0">
  <depth_map camera_id="0" level="0" path="0/d0.exr">
    <calibration type="frame">
      <resolution width="2144" height="1424"/>
      <f>2201.02891246441</f>
    </calibration>
  </depth_map>
  <depth_map camera_id="0" level="1" path="1/d0.exr">
    <calibration type="frame">
      <resolution width="1072" height="712"/>
      <f>1100.51445623221</f>
    </calibration>
  </depth_map>
  <depth_map camera_id="0" level="2" path="2/d0.exr">
    <calibration type="frame">
      <resolution width="536" height="356"/>
      <f>550.257228116103</f>
    </calibration>
  </depth_map>
  <depth_map camera_id="0" level="3" path="3/d0.exr">
    <calibration type="frame">
      <resolution width="268" height="178"/>
      <f>275.128614058051</f>
    </calibration>
  </depth_map>
  <depth_map camera_id="1" level="0" path="0/d1.exr">
    <calibration type="frame">
      <resolution width="2144" height="1424"/>
      <f>2201.02891246441</f>
    </calibration>
  </depth_map>
  <depth_map camera_id="1" level="1" path="1/d1.exr">
    <calibration type="frame">
      <resolution width="1072" height="712"/>
      <f>1100.51445623221</f>
    </calibration>
  </depth_map>
  <depth_map camera_id="1" level="2" path="2/d1.exr">
    <calibration type="frame">
      <resolution width="536" height="356"/>
      <f>550.257228116103</f>
    </calibration>
  </depth_map>
  <depth_map camera_id="1" level="3" path="3/d1.exr">
    <calibration type="frame">
      <resolution width="268" height="178"/>
      <f>275.128614058051</f>
    </calibration>
  </depth_map>
  <depth_map camera_id="2" level="0" path="0/d2.exr">
    <calibration type="frame">
      <resolution width="2144" height="1424"/>
      <f>2201.02891246441</f>
    </calibration>
  </depth_map>
  <depth_map camera_id="2" level="1" path="1/d2.exr">
    <calibration type="frame">
      <resolution width="1072" height="712"/>
      <f>1100.51445623221</f>
    </calibration>
  </depth_map>
  <depth_map camera_id="2" level="2" path="2/d2.exr">
    <calibration type="frame">
      <resolution width="536" height="356"/>
      <f>550.257228116103</f>
    </calibration>
  </depth_map>
  <depth_map camera_id="2" level="3" path="3/d2.exr">
    <calibration type="frame">
      <resolution width="268" height="178"/>
      <f>275.128614058051</f>
    </calibration>
  </depth_map>
  <depth_map camera_id="3" level="0" path="0/d3.exr">
    <calibration type="frame">
      <resolution width="2144" height="1424"/>
      <f>2201.02891246441</f>
    </calibration>
  </depth_map>
  <depth_map camera_id="3" level="1" path="1/d3.exr">
    <calibration type="frame">
      <resolution width="1072" height="712"/>
      <f>1100.51445623221</f>
    </calibration>
  </depth_map>
  <depth_map camera_id="3" level="2" path="2/d3.exr">
    <calibration type="frame">
      <resolution width="536" height="356"/>
      <f>550.257228116103</f>
    </calibration>
  </depth_map>
  <depth_map camera_id="3" level="3" path="3/d3.exr">
    <calibration type="frame">
      <resolution width="268" height="178"/>
      <f>275.128614058051</f>
    </calibration>
  </depth_map>
  <depth_map camera_id="4" level="0" path="0/d4.exr">
    <calibration type="frame">
      <resolution width="2144" height="1424"/>
      <f>2201.02891246441</f>
    </calibration>
  </depth_map>
  <depth_map camera_id="4" level="1" path="1/d4.exr">
    <calibration type="frame">
      <resolution width="1072" height="712"/>
      <f>1100.51445623221</f>
    </calibration>
  </depth_map>
  <depth_map camera_id="4" level="2" path="2/d4.exr">
    <calibration type="frame">
      <resolution width="536" height="356"/>
      <f>550.257228116103</f>
    </calibration>
  </depth_map>
  <depth_map camera_id="5" level="0" path="0/d5.exr">
    <calibration type="frame">
      <resolution width="2144" height="1424"/>
      <f>2201.02891246441</f>
    </calibration>
  </depth_map>
  <depth_map camera_id="5" level="1" path="1/d5.exr">
    <calibration type="frame">
      <resolution width="1072" height="712"/>
      <f>1100.51445623221</f>
    </calibration>
  </depth_map>
  <depth_map camera_id="5" level="2" path="2/d5.exr">
    <calibration type="frame">
      <resolution width="536" height="356"/>
      <f>550.257228116103</f>
    </calibration>
  </depth_map>
  <depth_map camera_id="6" level="0" path="0/d6.exr">
    <calibration type="frame">
      <resolution width="2144" height="1424"/>
      <f>2201.02891246441</f>
    </calibration>
  </depth_map>
  <depth_map camera_id="6" level="1" path="1/d6.exr">
    <calibration type="frame">
      <resolution width="1072" height="712"/>
      <f>1100.51445623221</f>
    </calibration>
  </depth_map>
  <depth_map camera_id="6" level="2" path="2/d6.exr">
    <calibration type="frame">
      <resolution width="536" height="356"/>
      <f>550.257228116103</f>
    </calibration>
  </depth_map>
  <depth_map camera_id="7" level="0" path="0/d7.exr">
    <calibration type="frame">
      <resolution width="2144" height="1424"/>
      <f>2201.02891246441</f>
    </calibration>
  </depth_map>
  <depth_map camera_id="7" level="1" path="1/d7.exr">
    <calibration type="frame">
      <resolution width="1072" height="712"/>
      <f>1100.51445623221</f>
    </calibration>
  </depth_map>
  <depth_map camera_id="7" level="2" path="2/d7.exr">
    <calibration type="frame">
      <resolution width="536" height="356"/>
      <f>550.257228116103</f>
    </calibration>
  </depth_map>
  <depth_map camera_id="7" level="3" path="3/d7.exr">
    <calibration type="frame">
      <resolution width="268" height="178"/>
      <f>275.128614058051</f>
    </calibration>
  </depth_map>
  <depth_map camera_id="8" level="0" path="0/d8.exr">
    <calibration type="frame">
      <resolution width="2144" height="1424"/>
      <f>2201.02891246441</f>
    </calibration>
  </depth_map>
  <depth_map camera_id="8" level="1" path="1/d8.exr">
    <calibration type="frame">
      <resolution width="1072" height="712"/>
      <f>1100.51445623221</f>
    </calibration>
  </depth_map>
  <depth_map camera_id="8" level="2" path="2/d8.exr">
    <calibration type="frame">
      <resolution width="536" height="356"/>
      <f>550.257228116103</f>
    </calibration>
  </depth_map>
  <depth_map camera_id="8" level="3" path="3/d8.exr">
    <calibration type="frame">
      <resolution width="268" height="178"/>
      <f>275.128614058051</f>
    </calibration>
  </depth_map>
  <depth_map camera_id="9" level="0" path="0/d9.exr">
    <calibration type="frame">
      <resolution width="2144" height="1424"/>
      <f>2201.02891246441</f>
    </calibration>
  </depth_map>
  <depth_map camera_id="9" level="1" path="1/d9.exr">
    <calibration type="frame">
      <resolution width="1072" height="712"/>
      <f>1100.51445623221</f>
    </calibration>
  </depth_map>
  <depth_map camera_id="9" level="2" path="2/d9.exr">
    <calibration type="frame">
      <resolution width="536" height="356"/>
      <f>550.257228116103</f>
    </calibration>
  </depth_map>
  <depth_map camera_id="10" level="0" path="0/d10.exr">
    <calibration type="frame">
      <resolution width="2144" height="1424"/>
      <f>2201.02891246441</f>
    </calibration>
  </depth_map>
  <depth_map camera_id="10" level="1" path="1/d10.exr">
    <calibration type="frame">
      <resolution width="1072" height="712"/>
      <f>1100.51445623221</f>
    </calibration>
  </depth_map>
  <depth_map camera_id="10" level="2" path="2/d10.exr">
    <calibration type="frame">
      <resolution width="536" height="356"/>
      <f>550.257228116103</f>
    </calibration>
  </depth_map>
  <depth_map camera_id="10" level="3" path="3/d10.exr">
    <calibration type="frame">
      <resolution width="268" height="178"/>
      <f>275.128614058051</f>
    </calibration>
  </depth_map>
  <depth_map camera_id="11" level="0" path="0/d11.exr">
    <calibration type="frame">
      <resolution width="2144" height="1424"/>
      <f>2201.02891246441</f>
    </calibration>
  </depth_map>
  <depth_map camera_id="11" level="1" path="1/d11.exr">
    <calibration type="frame">
      <resolution width="1072" height="712"/>
      <f>1100.51445623221</f>
    </calibration>
  </depth_map>
  <depth_map camera_id="11" level="2" path="2/d11.exr">
    <calibration type="frame">
      <resolution width="536" height="356"/>
      <f>550.257228116103</f>
    </calibration>
  </depth_map>
  <depth_map camera_id="11" level="3" path="3/d11.exr">
    <calibration type="frame">
      <resolution width="268" height="178"/>
      <f>275.128614058051</f>
    </calibration>
  </depth_map>
  <depth_map camera_id="12" level="0" path="0/d12.exr">
    <calibration type="frame">
      <resolution width="2144" height="1424"/>
      <f>2201.02891246441</f>
    </calibration>
  </depth_map>
  <depth_map camera_id="12" level="1" path="1/d12.exr">
    <calibration type="frame">
      <resolution width="1072" height="712"/>
      <f>1100.51445623221</f>
    </calibration>
  </depth_map>
  <depth_map camera_id="12" level="2" path="2/d12.exr">
    <calibration type="frame">
      <resolution width="536" height="356"/>
      <f>550.257228116103</f>
    </calibration>
  </depth_map>
  <depth_map camera_id="12" level="3" path="3/d12.exr">
    <calibration type="frame">
      <resolution width="268" height="178"/>
      <f>275.128614058051</f>
    </calibration>
  </depth_map>
  <depth_map camera_id="13" level="0" path="0/d13.exr">
    <calibration type="frame">
      <resolution width="2144" height="1424"/>
      <f>2201.02891246441</f>
    </calibration>
  </depth_map>
  <depth_map camera_id="13" level="1" path="1/d13.exr">
    <calibration type="frame">
      <resolution width="1072" height="712"/>
      <f>1100.51445623221</f>
    </calibration>
  </depth_map>
  <depth_map camera_id="13" level="2" path="2/d13.exr">
    <calibration type="frame">
      <resolution width="536" height="356"/>
      <f>550.257228116103</f>
    </calibration>
  </depth_map>
  <depth_map camera_id="13" level="3" path="3/d13.exr">
    <calibration type="frame">
      <resolution width="268" height="178"/>
      <f>275.128614058051</f>
    </calibration>
  </depth_map>
  <depth_map camera_id="14" level="0" path="0/d14.exr">
    <calibration type="frame">
      <resolution width="2144" height="1424"/>
      <f>2201.02891246441</f>
    </calibration>
  </depth_map>
  <depth_map camera_id="14" level="1" path="1/d14.exr">
    <calibration type="frame">
      <resolution width="1072" height="712"/>
      <f>1100.51445623221</f>
    </calibration>
  </depth_map>
  <depth_map camera_id="14" level="2" path="2/d14.exr">
    <calibration type="frame">
      <resolution width="536" height="356"/>
      <f>550.257228116103</f>
    </calibration>
  </depth_map>
  <depth_map camera_id="14" level="3" path="3/d14.exr">
    <calibration type="frame">
      <resolution width="268" height="178"/>
      <f>275.128614058051</f>
    </calibration>
  </depth_map>
  <depth_map camera_id="15" level="0" path="0/d15.exr">
    <calibration type="frame">
      <resolution width="2144" height="1424"/>
      <f>2201.02891246441</f>
    </calibration>
  </depth_map>
  <depth_map camera_id="15" level="1" path="1/d15.exr">
    <calibration type="frame">
      <resolution width="1072" height="712"/>
      <f>1100.51445623221</f>
    </calibration>
  </depth_map>
  <depth_map camera_id="15" level="2" path="2/d15.exr">
    <calibration type="frame">
      <resolution width="536" height="356"/>
      <f>550.257228116103</f>
    </calibration>
  </depth_map>
  <depth_map camera_id="15" level="3" path="3/d15.exr">
    <calibration type="frame">
      <resolution width="268" height="178"/>
      <f>275.128614058051</f>
    </calibration>
  </depth_map>
  <depth_map camera_id="16" level="0" path="0/d16.exr">
    <calibration type="frame">
      <resolution width="2144" height="1424"/>
      <f>2201.02891246441</f>
    </calibration>
  </depth_map>
  <depth_map camera_id="16" level="1" path="1/d16.exr">
    <calibration type="frame">
      <resolution width="1072" height="712"/>
      <f>1100.51445623221</f>
    </calibration>
  </depth_map>
  <depth_map camera_id="16" level="2" path="2/d16.exr">
    <calibration type="frame">
      <resolution width="536" height="356"/>
      <f>550.257228116103</f>
    </calibration>
  </depth_map>
  <depth_map camera_id="16" level="3" path="3/d16.exr">
    <calibration type="frame">
      <resolution width="268" height="178"/>
      <f>275.128614058051</f>
    </calibration>
  </depth_map>
  <depth_map camera_id="17" level="0" path="0/d17.exr">
    <calibration type="frame">
      <resolution width="2144" height="1424"/>
      <f>2201.02891246441</f>
    </calibration>
  </depth_map>
  <depth_map camera_id="17" level="1" path="1/d17.exr">
    <calibration type="frame">
      <resolution width="1072" height="712"/>
      <f>1100.51445623221</f>
    </calibration>
  </depth_map>
  <depth_map camera_id="17" level="2" path="2/d17.exr">
    <calibration type="frame">
      <resolution width="536" height="356"/>
      <f>550.257228116103</f>
    </calibration>
  </depth_map>
  <depth_map camera_id="17" level="3" path="3/d17.exr">
    <calibration type="frame">
      <resolution width="268" height="178"/>
      <f>275.128614058051</f>
    </calibration>
  </depth_map>
  <depth_map camera_id="18" level="0" path="0/d18.exr">
    <calibration type="frame">
      <resolution width="2144" height="1424"/>
      <f>2201.02891246441</f>
    </calibration>
  </depth_map>
  <depth_map camera_id="18" level="1" path="1/d18.exr">
    <calibration type="frame">
      <resolution width="1072" height="712"/>
      <f>1100.51445623221</f>
    </calibration>
  </depth_map>
  <depth_map camera_id="18" level="2" path="2/d18.exr">
    <calibration type="frame">
      <resolution width="536" height="356"/>
      <f>550.257228116103</f>
    </calibration>
  </depth_map>
  <depth_map camera_id="18" level="3" path="3/d18.exr">
    <calibration type="frame">
      <resolution width="268" height="178"/>
      <f>275.128614058051</f>
    </calibration>
  </depth_map>
  <depth_map camera_id="19" level="0" path="0/d19.exr">
    <calibration type="frame">
      <resolution width="2144" height="1424"/>
      <f>2201.02891246441</f>
    </calibration>
  </depth_map>
  <depth_map camera_id="19" level="1" path="1/d19.exr">
    <calibration type="frame">
      <resolution width="1072" height="712"/>
      <f>1100.51445623221</f>
    </calibration>
  </depth_map>
  <depth_map camera_id="19" level="2" path="2/d19.exr">
    <calibration type="frame">
      <resolution width="536" height="356"/>
      <f>550.257228116103</f>
    </calibration>
  </depth_map>
  <depth_map camera_id="19" level="3" path="3/d19.exr">
    <calibration type="frame">
      <resolution width="268" height="178"/>
      <f>275.128614058051</f>
    </calibration>
  </depth_map>
  <depth_map camera_id="20" level="0" path="0/d20.exr">
    <calibration type="frame">
      <resolution width="2144" height="1424"/>
      <f>2201.02891246441</f>
    </calibration>
  </depth_map>
  <depth_map camera_id="20" level="1" path="1/d20.exr">
    <calibration type="frame">
      <resolution width="1072" height="712"/>
      <f>1100.51445623221</f>
    </calibration>
  </depth_map>
  <depth_map camera_id="20" level="2" path="2/d20.exr">
    <calibration type="frame">
      <resolution width="536" height="356"/>
      <f>550.257228116103</f>
    </calibration>
  </depth_map>
  <depth_map camera_id="20" level="3" path="3/d20.exr">
    <calibration type="frame">
      <resolution width="268" height="178"/>
      <f>275.128614058051</f>
    </calibration>
  </depth_map>
  <depth_map camera_id="21" level="0" path="0/d21.exr">
    <calibration type="frame">
      <resolution width="2144" height="1424"/>
      <f>2201.02891246441</f>
    </calibration>
  </depth_map>
  <depth_map camera_id="21" level="1" path="1/d21.exr">
    <calibration type="frame">
      <resolution width="1072" height="712"/>
      <f>1100.51445623221</f>
    </calibration>
  </depth_map>
  <depth_map camera_id="21" level="2" path="2/d21.exr">
    <calibration type="frame">
      <resolution width="536" height="356"/>
      <f>550.257228116103</f>
    </calibration>
  </depth_map>
  <depth_map camera_id="21" level="3" path="3/d21.exr">
    <calibration type="frame">
      <resolution width="268" height="178"/>
      <f>275.128614058051</f>
    </calibration>
  </depth_map>
  <depth_map camera_id="22" level="0" path="0/d22.exr">
    <calibration type="frame">
      <resolution width="2144" height="1424"/>
      <f>2201.02891246441</f>
    </calibration>
  </depth_map>
  <depth_map camera_id="22" level="1" path="1/d22.exr">
    <calibration type="frame">
      <resolution width="1072" height="712"/>
      <f>1100.51445623221</f>
    </calibration>
  </depth_map>
  <depth_map camera_id="22" level="2" path="2/d22.exr">
    <calibration type="frame">
      <resolution width="536" height="356"/>
      <f>550.257228116103</f>
    </calibration>
  </depth_map>
  <depth_map camera_id="22" level="3" path="3/d22.exr">
    <calibration type="frame">
      <resolution width="268" height="178"/>
      <f>275.128614058051</f>
    </calibration>
  </depth_map>
  <depth_map camera_id="23" level="0" path="0/d23.exr">
    <calibration type="frame">
      <resolution width="2144" height="1424"/>
      <f>2320.0034482733</f>
    </calibration>
  </depth_map>
  <depth_map camera_id="23" level="1" path="1/d23.exr">
    <calibration type="frame">
      <resolution width="1072" height="712"/>
      <f>1160.00172413665</f>
    </calibration>
  </depth_map>
  <depth_map camera_id="23" level="2" path="2/d23.exr">
    <calibration type="frame">
      <resolution width="536" height="356"/>
      <f>580.000862068325</f>
    </calibration>
  </depth_map>
  <depth_map camera_id="23" level="3" path="3/d23.exr">
    <calibration type="frame">
      <resolution width="268" height="178"/>
      <f>290.000431034162</f>
    </calibration>
  </depth_map>
  <depth_map camera_id="24" level="0" path="0/d24.exr">
    <calibration type="frame">
      <resolution width="2144" height="1424"/>
      <f>2320.0034482733</f>
    </calibration>
  </depth_map>
  <depth_map camera_id="24" level="1" path="1/d24.exr">
    <calibration type="frame">
      <resolution width="1072" height="712"/>
      <f>1160.00172413665</f>
    </calibration>
  </depth_map>
  <depth_map camera_id="24" level="2" path="2/d24.exr">
    <calibration type="frame">
      <resolution width="536" height="356"/>
      <f>580.000862068325</f>
    </calibration>
  </depth_map>
  <depth_map camera_id="24" level="3" path="3/d24.exr">
    <calibration type="frame">
      <resolution width="268" height="178"/>
      <f>290.000431034162</f>
    </calibration>
  </depth_map>
  <depth_map camera_id="25" level="0" path="0/d25.exr">
    <calibration type="frame">
      <resolution width="2144" height="1424"/>
      <f>2320.0034482733</f>
    </calibration>
  </depth_map>
  <depth_map camera_id="25" level="1" path="1/d25.exr">
    <calibration type="frame">
      <resolution width="1072" height="712"/>
      <f>1160.00172413665</f>
    </calibration>
  </depth_map>
  <depth_map camera_id="25" level="2" path="2/d25.exr">
    <calibration type="frame">
      <resolution width="536" height="356"/>
      <f>580.000862068325</f>
    </calibration>
  </depth_map>
  <depth_map camera_id="25" level="3" path="3/d25.exr">
    <calibration type="frame">
      <resolution width="268" height="178"/>
      <f>290.000431034162</f>
    </calibration>
  </depth_map>
  <depth_map camera_id="26" level="0" path="0/d26.exr">
    <calibration type="frame">
      <resolution width="2144" height="1424"/>
      <f>2320.0034482733</f>
    </calibration>
  </depth_map>
  <depth_map camera_id="26" level="1" path="1/d26.exr">
    <calibration type="frame">
      <resolution width="1072" height="712"/>
      <f>1160.00172413665</f>
    </calibration>
  </depth_map>
  <depth_map camera_id="26" level="2" path="2/d26.exr">
    <calibration type="frame">
      <resolution width="536" height="356"/>
      <f>580.000862068325</f>
    </calibration>
  </depth_map>
  <depth_map camera_id="26" level="3" path="3/d26.exr">
    <calibration type="frame">
      <resolution width="268" height="178"/>
      <f>290.000431034162</f>
    </calibration>
  </depth_map>
  <depth_map camera_id="27" level="0" path="0/d27.exr">
    <calibration type="frame">
      <resolution width="2144" height="1424"/>
      <f>2320.0034482733</f>
    </calibration>
  </depth_map>
  <depth_map camera_id="27" level="1" path="1/d27.exr">
    <calibration type="frame">
      <resolution width="1072" height="712"/>
      <f>1160.00172413665</f>
    </calibration>
  </depth_map>
  <depth_map camera_id="27" level="2" path="2/d27.exr">
    <calibration type="frame">
      <resolution width="536" height="356"/>
      <f>580.000862068325</f>
    </calibration>
  </depth_map>
  <depth_map camera_id="27" level="3" path="3/d27.exr">
    <calibration type="frame">
      <resolution width="268" height="178"/>
      <f>290.000431034162</f>
    </calibration>
  </depth_map>
  <depth_map camera_id="28" level="0" path="0/d28.exr">
    <calibration type="frame">
      <resolution width="2144" height="1424"/>
      <f>2320.0034482733</f>
    </calibration>
  </depth_map>
  <depth_map camera_id="28" level="1" path="1/d28.exr">
    <calibration type="frame">
      <resolution width="1072" height="712"/>
      <f>1160.00172413665</f>
    </calibration>
  </depth_map>
  <depth_map camera_id="28" level="2" path="2/d28.exr">
    <calibration type="frame">
      <resolution width="536" height="356"/>
      <f>580.000862068325</f>
    </calibration>
  </depth_map>
  <depth_map camera_id="28" level="3" path="3/d28.exr">
    <calibration type="frame">
      <resolution width="268" height="178"/>
      <f>290.000431034162</f>
    </calibration>
  </depth_map>
  <depth_map camera_id="29" level="0" path="0/d29.exr">
    <calibration type="frame">
      <resolution width="2144" height="1424"/>
      <f>2320.0034482733</f>
    </calibration>
  </depth_map>
  <depth_map camera_id="29" level="1" path="1/d29.exr">
    <calibration type="frame">
      <resolution width="1072" height="712"/>
      <f>1160.00172413665</f>
    </calibration>
  </depth_map>
  <depth_map camera_id="29" level="2" path="2/d29.exr">
    <calibration type="frame">
      <resolution width="536" height="356"/>
      <f>580.000862068325</f>
    </calibration>
  </depth_map>
  <depth_map camera_id="29" level="3" path="3/d29.exr">
    <calibration type="frame">
      <resolution width="268" height="178"/>
      <f>290.000431034162</f>
    </calibration>
  </depth_map>
  <depth_map camera_id="30" level="0" path="0/d30.exr">
    <calibration type="frame">
      <resolution width="2144" height="1424"/>
      <f>2320.0034482733</f>
    </calibration>
  </depth_map>
  <depth_map camera_id="30" level="1" path="1/d30.exr">
    <calibration type="frame">
      <resolution width="1072" height="712"/>
      <f>1160.00172413665</f>
    </calibration>
  </depth_map>
  <depth_map camera_id="30" level="2" path="2/d30.exr">
    <calibration type="frame">
      <resolution width="536" height="356"/>
      <f>580.000862068325</f>
    </calibration>
  </depth_map>
  <depth_map camera_id="30" level="3" path="3/d30.exr">
    <calibration type="frame">
      <resolution width="268" height="178"/>
      <f>290.000431034162</f>
    </calibration>
  </depth_map>
  <depth_map camera_id="31" level="0" path="0/d31.exr">
    <calibration type="frame">
      <resolution width="2144" height="1424"/>
      <f>2320.0034482733</f>
    </calibration>
  </depth_map>
  <depth_map camera_id="31" level="1" path="1/d31.exr">
    <calibration type="frame">
      <resolution width="1072" height="712"/>
      <f>1160.00172413665</f>
    </calibration>
  </depth_map>
  <depth_map camera_id="31" level="2" path="2/d31.exr">
    <calibration type="frame">
      <resolution width="536" height="356"/>
      <f>580.000862068325</f>
    </calibration>
  </depth_map>
  <depth_map camera_id="31" level="3" path="3/d31.exr">
    <calibration type="frame">
      <resolution width="268" height="178"/>
      <f>290.000431034162</f>
    </calibration>
  </depth_map>
  <depth_map camera_id="32" level="0" path="0/d32.exr">
    <calibration type="frame">
      <resolution width="2144" height="1424"/>
      <f>2320.0034482733</f>
    </calibration>
  </depth_map>
  <depth_map camera_id="32" level="1" path="1/d32.exr">
    <calibration type="frame">
      <resolution width="1072" height="712"/>
      <f>1160.00172413665</f>
    </calibration>
  </depth_map>
  <depth_map camera_id="32" level="2" path="2/d32.exr">
    <calibration type="frame">
      <resolution width="536" height="356"/>
      <f>580.000862068325</f>
    </calibration>
  </depth_map>
  <depth_map camera_id="32" level="3" path="3/d32.exr">
    <calibration type="frame">
      <resolution width="268" height="178"/>
      <f>290.000431034162</f>
    </calibration>
  </depth_map>
  <depth_map camera_id="33" level="0" path="0/d33.exr">
    <calibration type="frame">
      <resolution width="2144" height="1424"/>
      <f>2320.0034482733</f>
    </calibration>
  </depth_map>
  <depth_map camera_id="33" level="1" path="1/d33.exr">
    <calibration type="frame">
      <resolution width="1072" height="712"/>
      <f>1160.00172413665</f>
    </calibration>
  </depth_map>
  <depth_map camera_id="33" level="2" path="2/d33.exr">
    <calibration type="frame">
      <resolution width="536" height="356"/>
      <f>580.000862068325</f>
    </calibration>
  </depth_map>
  <depth_map camera_id="34" level="0" path="0/d34.exr">
    <calibration type="frame">
      <resolution width="2144" height="1424"/>
      <f>2320.0034482733</f>
    </calibration>
  </depth_map>
  <depth_map camera_id="34" level="1" path="1/d34.exr">
    <calibration type="frame">
      <resolution width="1072" height="712"/>
      <f>1160.00172413665</f>
    </calibration>
  </depth_map>
  <depth_map camera_id="34" level="2" path="2/d34.exr">
    <calibration type="frame">
      <resolution width="536" height="356"/>
      <f>580.000862068325</f>
    </calibration>
  </depth_map>
  <depth_map camera_id="35" level="0" path="0/d35.exr">
    <calibration type="frame">
      <resolution width="2144" height="1424"/>
      <f>2320.0034482733</f>
    </calibration>
  </depth_map>
  <depth_map camera_id="35" level="1" path="1/d35.exr">
    <calibration type="frame">
      <resolution width="1072" height="712"/>
      <f>1160.00172413665</f>
    </calibration>
  </depth_map>
  <depth_map camera_id="35" level="2" path="2/d35.exr">
    <calibration type="frame">
      <resolution width="536" height="356"/>
      <f>580.000862068325</f>
    </calibration>
  </depth_map>
  <depth_map camera_id="36" level="0" path="0/d36.exr">
    <calibration type="frame">
      <resolution width="2144" height="1424"/>
      <f>2320.0034482733</f>
    </calibration>
  </depth_map>
  <depth_map camera_id="36" level="1" path="1/d36.exr">
    <calibration type="frame">
      <resolution width="1072" height="712"/>
      <f>1160.00172413665</f>
    </calibration>
  </depth_map>
  <depth_map camera_id="36" level="2" path="2/d36.exr">
    <calibration type="frame">
      <resolution width="536" height="356"/>
      <f>580.000862068325</f>
    </calibration>
  </depth_map>
  <depth_map camera_id="36" level="3" path="3/d36.exr">
    <calibration type="frame">
      <resolution width="268" height="178"/>
      <f>290.000431034162</f>
    </calibration>
  </depth_map>
  <depth_map camera_id="37" level="0" path="0/d37.exr">
    <calibration type="frame">
      <resolution width="2144" height="1424"/>
      <f>2320.0034482733</f>
    </calibration>
  </depth_map>
  <depth_map camera_id="37" level="1" path="1/d37.exr">
    <calibration type="frame">
      <resolution width="1072" height="712"/>
      <f>1160.00172413665</f>
    </calibration>
  </depth_map>
  <depth_map camera_id="37" level="2" path="2/d37.exr">
    <calibration type="frame">
      <resolution width="536" height="356"/>
      <f>580.000862068325</f>
    </calibration>
  </depth_map>
  <depth_map camera_id="37" level="3" path="3/d37.exr">
    <calibration type="frame">
      <resolution width="268" height="178"/>
      <f>290.000431034162</f>
    </calibration>
  </depth_map>
  <depth_map camera_id="38" level="0" path="0/d38.exr">
    <calibration type="frame">
      <resolution width="2144" height="1424"/>
      <f>2320.0034482733</f>
    </calibration>
  </depth_map>
  <depth_map camera_id="38" level="1" path="1/d38.exr">
    <calibration type="frame">
      <resolution width="1072" height="712"/>
      <f>1160.00172413665</f>
    </calibration>
  </depth_map>
  <depth_map camera_id="38" level="2" path="2/d38.exr">
    <calibration type="frame">
      <resolution width="536" height="356"/>
      <f>580.000862068325</f>
    </calibration>
  </depth_map>
  <depth_map camera_id="38" level="3" path="3/d38.exr">
    <calibration type="frame">
      <resolution width="268" height="178"/>
      <f>290.000431034162</f>
    </calibration>
  </depth_map>
  <depth_map camera_id="39" level="0" path="0/d39.exr">
    <calibration type="frame">
      <resolution width="2144" height="1424"/>
      <f>2320.0034482733</f>
    </calibration>
  </depth_map>
  <depth_map camera_id="39" level="1" path="1/d39.exr">
    <calibration type="frame">
      <resolution width="1072" height="712"/>
      <f>1160.00172413665</f>
    </calibration>
  </depth_map>
  <depth_map camera_id="39" level="2" path="2/d39.exr">
    <calibration type="frame">
      <resolution width="536" height="356"/>
      <f>580.000862068325</f>
    </calibration>
  </depth_map>
  <depth_map camera_id="39" level="3" path="3/d39.exr">
    <calibration type="frame">
      <resolution width="268" height="178"/>
      <f>290.000431034162</f>
    </calibration>
  </depth_map>
  <depth_map camera_id="56" level="0" path="0/d56.exr">
    <calibration type="frame">
      <resolution width="2144" height="1424"/>
      <f>1606.15623341998</f>
    </calibration>
  </depth_map>
  <depth_map camera_id="56" level="1" path="1/d56.exr">
    <calibration type="frame">
      <resolution width="1072" height="712"/>
      <f>803.078116709988</f>
    </calibration>
  </depth_map>
  <depth_map camera_id="56" level="2" path="2/d56.exr">
    <calibration type="frame">
      <resolution width="536" height="356"/>
      <f>401.539058354994</f>
    </calibration>
  </depth_map>
  <depth_map camera_id="61" level="0" path="0/d61.exr">
    <calibration type="frame">
      <resolution width="2144" height="1424"/>
      <f>1606.15623341998</f>
    </calibration>
  </depth_map>
  <depth_map camera_id="61" level="1" path="1/d61.exr">
    <calibration type="frame">
      <resolution width="1072" height="712"/>
      <f>803.078116709988</f>
    </calibration>
  </depth_map>
  <depth_map camera_id="61" level="2" path="2/d61.exr">
    <calibration type="frame">
      <resolution width="536" height="356"/>
      <f>401.539058354994</f>
    </calibration>
  </depth_map>
  <depth_map camera_id="61" level="3" path="3/d61.exr">
    <calibration type="frame">
      <resolution width="268" height="178"/>
      <f>200.769529177497</f>
    </calibration>
  </depth_map>
  <depth_map camera_id="62" level="0" path="0/d62.exr">
    <calibration type="frame">
      <resolution width="2144" height="1424"/>
      <f>1606.15623341998</f>
    </calibration>
  </depth_map>
  <depth_map camera_id="62" level="1" path="1/d62.exr">
    <calibration type="frame">
      <resolution width="1072" height="712"/>
      <f>803.078116709988</f>
    </calibration>
  </depth_map>
  <depth_map camera_id="62" level="2" path="2/d62.exr">
    <calibration type="frame">
      <resolution width="536" height="356"/>
      <f>401.539058354994</f>
    </calibration>
  </depth_map>
  <depth_map camera_id="63" level="0" path="0/d63.exr">
    <calibration type="frame">
      <resolution width="2144" height="1424"/>
      <f>1606.15623341998</f>
    </calibration>
  </depth_map>
  <depth_map camera_id="63" level="1" path="1/d63.exr">
    <calibration type="frame">
      <resolution width="1072" height="712"/>
      <f>803.078116709988</f>
    </calibration>
  </depth_map>
  <depth_map camera_id="63" level="2" path="2/d63.exr">
    <calibration type="frame">
      <resolution width="536" height="356"/>
      <f>401.539058354994</f>
    </calibration>
  </depth_map>
  <depth_map camera_id="63" level="3" path="3/d63.exr">
    <calibration type="frame">
      <resolution width="268" height="178"/>
      <f>200.769529177497</f>
    </calibration>
  </depth_map>
  <depth_map camera_id="64" level="0" path="0/d64.exr">
    <calibration type="frame">
      <resolution width="2144" height="1424"/>
      <f>1606.15623341998</f>
    </calibration>
  </depth_map>
  <depth_map camera_id="64" level="1" path="1/d64.exr">
    <calibration type="frame">
      <resolution width="1072" height="712"/>
      <f>803.078116709988</f>
    </calibration>
  </depth_map>
  <depth_map camera_id="73" level="0" path="0/d73.exr">
    <calibration type="frame">
      <resolution width="2144" height="1424"/>
      <f>1606.15623341998</f>
    </calibration>
  </depth_map>
  <depth_map camera_id="73" level="1" path="1/d73.exr">
    <calibration type="frame">
      <resolution width="1072" height="712"/>
      <f>803.078116709988</f>
    </calibration>
  </depth_map>
  <depth_map camera_id="73" level="2" path="2/d73.exr">
    <calibration type="frame">
      <resolution width="536" height="356"/>
      <f>401.539058354994</f>
    </calibration>
  </depth_map>
  <depth_map camera_id="74" level="0" path="0/d74.exr">
    <calibration type="frame">
      <resolution width="2144" height="1424"/>
      <f>1606.15623341998</f>
    </calibration>
  </depth_map>
  <depth_map camera_id="74" level="1" path="1/d74.exr">
    <calibration type="frame">
      <resolution width="1072" height="712"/>
      <f>803.078116709988</f>
    </calibration>
  </depth_map>
  <depth_map camera_id="74" level="2" path="2/d74.exr">
    <calibration type="frame">
      <resolution width="536" height="356"/>
      <f>401.539058354994</f>
    </calibration>
  </depth_map>
  <depth_map camera_id="75" level="0" path="0/d75.exr">
    <calibration type="frame">
      <resolution width="2144" height="1424"/>
      <f>1606.15623341998</f>
    </calibration>
  </depth_map>
  <depth_map camera_id="75" level="1" path="1/d75.exr">
    <calibration type="frame">
      <resolution width="1072" height="712"/>
      <f>803.078116709988</f>
    </calibration>
  </depth_map>
  <depth_map camera_id="75" level="2" path="2/d75.exr">
    <calibration type="frame">
      <resolution width="536" height="356"/>
      <f>401.539058354994</f>
    </calibration>
  </depth_map>
  <depth_map camera_id="76" level="0" path="0/d76.exr">
    <calibration type="frame">
      <resolution width="2144" height="1424"/>
      <f>1606.15623341998</f>
    </calibration>
  </depth_map>
  <depth_map camera_id="76" level="1" path="1/d76.exr">
    <calibration type="frame">
      <resolution width="1072" height="712"/>
      <f>803.078116709988</f>
    </calibration>
  </depth_map>
  <depth_map camera_id="76" level="2" path="2/d76.exr">
    <calibration type="frame">
      <resolution width="536" height="356"/>
      <f>401.539058354994</f>
    </calibration>
  </depth_map>
  <depth_map camera_id="76" level="3" path="3/d76.exr">
    <calibration type="frame">
      <resolution width="268" height="178"/>
      <f>200.769529177497</f>
    </calibration>
  </depth_map>
  <depth_map camera_id="77" level="0" path="0/d77.exr">
    <calibration type="frame">
      <resolution width="2144" height="1424"/>
      <f>1606.15623341998</f>
    </calibration>
  </depth_map>
  <depth_map camera_id="77" level="1" path="1/d77.exr">
    <calibration type="frame">
      <resolution width="1072" height="712"/>
      <f>803.078116709988</f>
    </calibration>
  </depth_map>
  <depth_map camera_id="77" level="2" path="2/d77.exr">
    <calibration type="frame">
      <resolution width="536" height="356"/>
      <f>401.539058354994</f>
    </calibration>
  </depth_map>
  <depth_map camera_id="77" level="3" path="3/d77.exr">
    <calibration type="frame">
      <resolution width="268" height="178"/>
      <f>200.769529177497</f>
    </calibration>
  </depth_map>
  <depth_map camera_id="78" level="0" path="0/d78.exr">
    <calibration type="frame">
      <resolution width="2144" height="1424"/>
      <f>1606.15623341998</f>
    </calibration>
  </depth_map>
  <depth_map camera_id="78" level="1" path="1/d78.exr">
    <calibration type="frame">
      <resolution width="1072" height="712"/>
      <f>803.078116709988</f>
    </calibration>
  </depth_map>
  <depth_map camera_id="78" level="2" path="2/d78.exr">
    <calibration type="frame">
      <resolution width="536" height="356"/>
      <f>401.539058354994</f>
    </calibration>
  </depth_map>
  <depth_map camera_id="78" level="3" path="3/d78.exr">
    <calibration type="frame">
      <resolution width="268" height="178"/>
      <f>200.769529177497</f>
    </calibration>
  </depth_map>
  <depth_map camera_id="79" level="0" path="0/d79.exr">
    <calibration type="frame">
      <resolution width="2144" height="1424"/>
      <f>1606.15623341998</f>
    </calibration>
  </depth_map>
  <depth_map camera_id="79" level="1" path="1/d79.exr">
    <calibration type="frame">
      <resolution width="1072" height="712"/>
      <f>803.078116709988</f>
    </calibration>
  </depth_map>
  <depth_map camera_id="79" level="2" path="2/d79.exr">
    <calibration type="frame">
      <resolution width="536" height="356"/>
      <f>401.539058354994</f>
    </calibration>
  </depth_map>
  <depth_map camera_id="79" level="3" path="3/d79.exr">
    <calibration type="frame">
      <resolution width="268" height="178"/>
      <f>200.769529177497</f>
    </calibration>
  </depth_map>
  <depth_map camera_id="80" level="0" path="0/d80.exr">
    <calibration type="frame">
      <resolution width="2144" height="1424"/>
      <f>1606.15623341998</f>
    </calibration>
  </depth_map>
  <depth_map camera_id="80" level="1" path="1/d80.exr">
    <calibration type="frame">
      <resolution width="1072" height="712"/>
      <f>803.078116709988</f>
    </calibration>
  </depth_map>
  <depth_map camera_id="80" level="2" path="2/d80.exr">
    <calibration type="frame">
      <resolution width="536" height="356"/>
      <f>401.539058354994</f>
    </calibration>
  </depth_map>
  <depth_map camera_id="81" level="0" path="0/d81.exr">
    <calibration type="frame">
      <resolution width="2144" height="1424"/>
      <f>1606.15623341998</f>
    </calibration>
  </depth_map>
  <depth_map camera_id="81" level="1" path="1/d81.exr">
    <calibration type="frame">
      <resolution width="1072" height="712"/>
      <f>803.078116709988</f>
    </calibration>
  </depth_map>
  <depth_map camera_id="81" level="2" path="2/d81.exr">
    <calibration type="frame">
      <resolution width="536" height="356"/>
      <f>401.539058354994</f>
    </calibration>
  </depth_map>
  <depth_map camera_id="82" level="0" path="0/d82.exr">
    <calibration type="frame">
      <resolution width="2144" height="1424"/>
      <f>1606.15623341998</f>
    </calibration>
  </depth_map>
  <depth_map camera_id="82" level="1" path="1/d82.exr">
    <calibration type="frame">
      <resolution width="1072" height="712"/>
      <f>803.078116709988</f>
    </calibration>
  </depth_map>
  <depth_map camera_id="82" level="2" path="2/d82.exr">
    <calibration type="frame">
      <resolution width="536" height="356"/>
      <f>401.539058354994</f>
    </calibration>
  </depth_map>
  <depth_map camera_id="83" level="0" path="0/d83.exr">
    <calibration type="frame">
      <resolution width="2144" height="1424"/>
      <f>1606.15623341998</f>
    </calibration>
  </depth_map>
  <depth_map camera_id="83" level="1" path="1/d83.exr">
    <calibration type="frame">
      <resolution width="1072" height="712"/>
      <f>803.078116709988</f>
    </calibration>
  </depth_map>
  <depth_map camera_id="83" level="2" path="2/d83.exr">
    <calibration type="frame">
      <resolution width="536" height="356"/>
      <f>401.539058354994</f>
    </calibration>
  </depth_map>
  <depth_map camera_id="84" level="0" path="0/d84.exr">
    <calibration type="frame">
      <resolution width="2144" height="1424"/>
      <f>1606.15623341998</f>
    </calibration>
  </depth_map>
  <depth_map camera_id="84" level="1" path="1/d84.exr">
    <calibration type="frame">
      <resolution width="1072" height="712"/>
      <f>803.078116709988</f>
    </calibration>
  </depth_map>
  <depth_map camera_id="84" level="2" path="2/d84.exr">
    <calibration type="frame">
      <resolution width="536" height="356"/>
      <f>401.539058354994</f>
    </calibration>
  </depth_map>
  <depth_map camera_id="84" level="3" path="3/d84.exr">
    <calibration type="frame">
      <resolution width="268" height="178"/>
      <f>200.769529177497</f>
    </calibration>
  </depth_map>
  <depth_map camera_id="85" level="0" path="0/d85.exr">
    <calibration type="frame">
      <resolution width="2144" height="1424"/>
      <f>1606.15623341998</f>
    </calibration>
  </depth_map>
  <depth_map camera_id="85" level="1" path="1/d85.exr">
    <calibration type="frame">
      <resolution width="1072" height="712"/>
      <f>803.078116709988</f>
    </calibration>
  </depth_map>
  <depth_map camera_id="85" level="2" path="2/d85.exr">
    <calibration type="frame">
      <resolution width="536" height="356"/>
      <f>401.539058354994</f>
    </calibration>
  </depth_map>
  <depth_map camera_id="85" level="3" path="3/d85.exr">
    <calibration type="frame">
      <resolution width="268" height="178"/>
      <f>200.769529177497</f>
    </calibration>
  </depth_map>
  <depth_map camera_id="86" level="0" path="0/d86.exr">
    <calibration type="frame">
      <resolution width="2144" height="1424"/>
      <f>1606.15623341998</f>
    </calibration>
  </depth_map>
  <depth_map camera_id="86" level="1" path="1/d86.exr">
    <calibration type="frame">
      <resolution width="1072" height="712"/>
      <f>803.078116709988</f>
    </calibration>
  </depth_map>
  <depth_map camera_id="86" level="2" path="2/d86.exr">
    <calibration type="frame">
      <resolution width="536" height="356"/>
      <f>401.539058354994</f>
    </calibration>
  </depth_map>
  <depth_map camera_id="86" level="3" path="3/d86.exr">
    <calibration type="frame">
      <resolution width="268" height="178"/>
      <f>200.769529177497</f>
    </calibration>
  </depth_map>
  <depth_map camera_id="87" level="0" path="0/d87.exr">
    <calibration type="frame">
      <resolution width="2144" height="1424"/>
      <f>1606.15623341998</f>
    </calibration>
  </depth_map>
  <depth_map camera_id="87" level="1" path="1/d87.exr">
    <calibration type="frame">
      <resolution width="1072" height="712"/>
      <f>803.078116709988</f>
    </calibration>
  </depth_map>
  <depth_map camera_id="87" level="2" path="2/d87.exr">
    <calibration type="frame">
      <resolution width="536" height="356"/>
      <f>401.539058354994</f>
    </calibration>
  </depth_map>
  <depth_map camera_id="87" level="3" path="3/d87.exr">
    <calibration type="frame">
      <resolution width="268" height="178"/>
      <f>200.769529177497</f>
    </calibration>
  </depth_map>
  <depth_map camera_id="88" level="0" path="0/d88.exr">
    <calibration type="frame">
      <resolution width="2144" height="1424"/>
      <f>1606.15623341998</f>
    </calibration>
  </depth_map>
  <depth_map camera_id="88" level="1" path="1/d88.exr">
    <calibration type="frame">
      <resolution width="1072" height="712"/>
      <f>803.078116709988</f>
    </calibration>
  </depth_map>
  <depth_map camera_id="88" level="2" path="2/d88.exr">
    <calibration type="frame">
      <resolution width="536" height="356"/>
      <f>401.539058354994</f>
    </calibration>
  </depth_map>
  <depth_map camera_id="88" level="3" path="3/d88.exr">
    <calibration type="frame">
      <resolution width="268" height="178"/>
      <f>200.769529177497</f>
    </calibration>
  </depth_map>
  <depth_map camera_id="89" level="0" path="0/d89.exr">
    <calibration type="frame">
      <resolution width="2144" height="1424"/>
      <f>1606.15623341998</f>
    </calibration>
  </depth_map>
  <depth_map camera_id="89" level="1" path="1/d89.exr">
    <calibration type="frame">
      <resolution width="1072" height="712"/>
      <f>803.078116709988</f>
    </calibration>
  </depth_map>
  <depth_map camera_id="89" level="2" path="2/d89.exr">
    <calibration type="frame">
      <resolution width="536" height="356"/>
      <f>401.539058354994</f>
    </calibration>
  </depth_map>
  <depth_map camera_id="90" level="0" path="0/d90.exr">
    <calibration type="frame">
      <resolution width="2144" height="1424"/>
      <f>1606.15623341998</f>
    </calibration>
  </depth_map>
  <depth_map camera_id="90" level="1" path="1/d90.exr">
    <calibration type="frame">
      <resolution width="1072" height="712"/>
      <f>803.078116709988</f>
    </calibration>
  </depth_map>
  <depth_map camera_id="90" level="2" path="2/d90.exr">
    <calibration type="frame">
      <resolution width="536" height="356"/>
      <f>401.539058354994</f>
    </calibration>
  </depth_map>
  <depth_map camera_id="91" level="0" path="0/d91.exr">
    <calibration type="frame">
      <resolution width="2144" height="1424"/>
      <f>1606.15623341998</f>
    </calibration>
  </depth_map>
  <depth_map camera_id="91" level="1" path="1/d91.exr">
    <calibration type="frame">
      <resolution width="1072" height="712"/>
      <f>803.078116709988</f>
    </calibration>
  </depth_map>
  <depth_map camera_id="91" level="2" path="2/d91.exr">
    <calibration type="frame">
      <resolution width="536" height="356"/>
      <f>401.539058354994</f>
    </calibration>
  </depth_map>
  <depth_map camera_id="92" level="0" path="0/d92.exr">
    <calibration type="frame">
      <resolution width="2144" height="1424"/>
      <f>1606.15623341998</f>
    </calibration>
  </depth_map>
  <depth_map camera_id="92" level="1" path="1/d92.exr">
    <calibration type="frame">
      <resolution width="1072" height="712"/>
      <f>803.078116709988</f>
    </calibration>
  </depth_map>
  <depth_map camera_id="92" level="2" path="2/d92.exr">
    <calibration type="frame">
      <resolution width="536" height="356"/>
      <f>401.539058354994</f>
    </calibration>
  </depth_map>
  <depth_map camera_id="92" level="3" path="3/d92.exr">
    <calibration type="frame">
      <resolution width="268" height="178"/>
      <f>200.769529177497</f>
    </calibration>
  </depth_map>
  <depth_map camera_id="93" level="0" path="0/d93.exr">
    <calibration type="frame">
      <resolution width="2144" height="1424"/>
      <f>1606.15623341998</f>
    </calibration>
  </depth_map>
  <depth_map camera_id="93" level="1" path="1/d93.exr">
    <calibration type="frame">
      <resolution width="1072" height="712"/>
      <f>803.078116709988</f>
    </calibration>
  </depth_map>
  <depth_map camera_id="93" level="2" path="2/d93.exr">
    <calibration type="frame">
      <resolution width="536" height="356"/>
      <f>401.539058354994</f>
    </calibration>
  </depth_map>
  <depth_map camera_id="93" level="3" path="3/d93.exr">
    <calibration type="frame">
      <resolution width="268" height="178"/>
      <f>200.769529177497</f>
    </calibration>
  </depth_map>
  <depth_map camera_id="94" level="0" path="0/d94.exr">
    <calibration type="frame">
      <resolution width="2144" height="1424"/>
      <f>1606.15623341998</f>
    </calibration>
  </depth_map>
  <depth_map camera_id="94" level="1" path="1/d94.exr">
    <calibration type="frame">
      <resolution width="1072" height="712"/>
      <f>803.078116709988</f>
    </calibration>
  </depth_map>
  <depth_map camera_id="94" level="2" path="2/d94.exr">
    <calibration type="frame">
      <resolution width="536" height="356"/>
      <f>401.539058354994</f>
    </calibration>
  </depth_map>
  <depth_map camera_id="94" level="3" path="3/d94.exr">
    <calibration type="frame">
      <resolution width="268" height="178"/>
      <f>200.769529177497</f>
    </calibration>
  </depth_map>
  <depth_map camera_id="95" level="0" path="0/d95.exr">
    <calibration type="frame">
      <resolution width="2144" height="1424"/>
      <f>1606.15623341998</f>
    </calibration>
  </depth_map>
  <depth_map camera_id="95" level="1" path="1/d95.exr">
    <calibration type="frame">
      <resolution width="1072" height="712"/>
      <f>803.078116709988</f>
    </calibration>
  </depth_map>
  <depth_map camera_id="95" level="2" path="2/d95.exr">
    <calibration type="frame">
      <resolution width="536" height="356"/>
      <f>401.539058354994</f>
    </calibration>
  </depth_map>
  <depth_map camera_id="95" level="3" path="3/d95.exr">
    <calibration type="frame">
      <resolution width="268" height="178"/>
      <f>200.769529177497</f>
    </calibration>
  </depth_map>
  <depth_map camera_id="96" level="0" path="0/d96.exr">
    <calibration type="frame">
      <resolution width="2144" height="1424"/>
      <f>1606.15623341998</f>
    </calibration>
  </depth_map>
  <depth_map camera_id="96" level="1" path="1/d96.exr">
    <calibration type="frame">
      <resolution width="1072" height="712"/>
      <f>803.078116709988</f>
    </calibration>
  </depth_map>
  <depth_map camera_id="96" level="2" path="2/d96.exr">
    <calibration type="frame">
      <resolution width="536" height="356"/>
      <f>401.539058354994</f>
    </calibration>
  </depth_map>
  <depth_map camera_id="96" level="3" path="3/d96.exr">
    <calibration type="frame">
      <resolution width="268" height="178"/>
      <f>200.769529177497</f>
    </calibration>
  </depth_map>
  <depth_map camera_id="97" level="0" path="0/d97.exr">
    <calibration type="frame">
      <resolution width="2144" height="1424"/>
      <f>1606.15623341998</f>
    </calibration>
  </depth_map>
  <depth_map camera_id="97" level="1" path="1/d97.exr">
    <calibration type="frame">
      <resolution width="1072" height="712"/>
      <f>803.078116709988</f>
    </calibration>
  </depth_map>
  <depth_map camera_id="97" level="2" path="2/d97.exr">
    <calibration type="frame">
      <resolution width="536" height="356"/>
      <f>401.539058354994</f>
    </calibration>
  </depth_map>
  <depth_map camera_id="98" level="0" path="0/d98.exr">
    <calibration type="frame">
      <resolution width="2144" height="1424"/>
      <f>1606.15623341998</f>
    </calibration>
  </depth_map>
  <depth_map camera_id="98" level="1" path="1/d98.exr">
    <calibration type="frame">
      <resolution width="1072" height="712"/>
      <f>803.078116709988</f>
    </calibration>
  </depth_map>
  <depth_map camera_id="98" level="2" path="2/d98.exr">
    <calibration type="frame">
      <resolution width="536" height="356"/>
      <f>401.539058354994</f>
    </calibration>
  </depth_map>
  <depth_map camera_id="99" level="0" path="0/d99.exr">
    <calibration type="frame">
      <resolution width="2144" height="1424"/>
      <f>1606.15623341998</f>
    </calibration>
  </depth_map>
  <depth_map camera_id="99" level="1" path="1/d99.exr">
    <calibration type="frame">
      <resolution width="1072" height="712"/>
      <f>803.078116709988</f>
    </calibration>
  </depth_map>
  <depth_map camera_id="99" level="2" path="2/d99.exr">
    <calibration type="frame">
      <resolution width="536" height="356"/>
      <f>401.539058354994</f>
    </calibration>
  </depth_map>
  <depth_map camera_id="100" level="0" path="0/d100.exr">
    <calibration type="frame">
      <resolution width="2144" height="1424"/>
      <f>1606.15623341998</f>
    </calibration>
  </depth_map>
  <depth_map camera_id="100" level="1" path="1/d100.exr">
    <calibration type="frame">
      <resolution width="1072" height="712"/>
      <f>803.078116709988</f>
    </calibration>
  </depth_map>
  <depth_map camera_id="100" level="2" path="2/d100.exr">
    <calibration type="frame">
      <resolution width="536" height="356"/>
      <f>401.539058354994</f>
    </calibration>
  </depth_map>
  <depth_map camera_id="100" level="3" path="3/d100.exr">
    <calibration type="frame">
      <resolution width="268" height="178"/>
      <f>200.769529177497</f>
    </calibration>
  </depth_map>
  <depth_map camera_id="101" level="0" path="0/d101.exr">
    <calibration type="frame">
      <resolution width="2144" height="1424"/>
      <f>1606.15623341998</f>
    </calibration>
  </depth_map>
  <depth_map camera_id="101" level="1" path="1/d101.exr">
    <calibration type="frame">
      <resolution width="1072" height="712"/>
      <f>803.078116709988</f>
    </calibration>
  </depth_map>
  <depth_map camera_id="101" level="2" path="2/d101.exr">
    <calibration type="frame">
      <resolution width="536" height="356"/>
      <f>401.539058354994</f>
    </calibration>
  </depth_map>
  <depth_map camera_id="101" level="3" path="3/d101.exr">
    <calibration type="frame">
      <resolution width="268" height="178"/>
      <f>200.769529177497</f>
    </calibration>
  </depth_map>
  <depth_map camera_id="102" level="0" path="0/d102.exr">
    <calibration type="frame">
      <resolution width="2144" height="1424"/>
      <f>1606.15623341998</f>
    </calibration>
  </depth_map>
  <depth_map camera_id="102" level="1" path="1/d102.exr">
    <calibration type="frame">
      <resolution width="1072" height="712"/>
      <f>803.078116709988</f>
    </calibration>
  </depth_map>
  <depth_map camera_id="102" level="2" path="2/d102.exr">
    <calibration type="frame">
      <resolution width="536" height="356"/>
      <f>401.539058354994</f>
    </calibration>
  </depth_map>
  <depth_map camera_id="102" level="3" path="3/d102.exr">
    <calibration type="frame">
      <resolution width="268" height="178"/>
      <f>200.769529177497</f>
    </calibration>
  </depth_map>
  <depth_map camera_id="103" level="0" path="0/d103.exr">
    <calibration type="frame">
      <resolution width="2144" height="1424"/>
      <f>1606.15623341998</f>
    </calibration>
  </depth_map>
  <depth_map camera_id="103" level="1" path="1/d103.exr">
    <calibration type="frame">
      <resolution width="1072" height="712"/>
      <f>803.078116709988</f>
    </calibration>
  </depth_map>
  <depth_map camera_id="103" level="2" path="2/d103.exr">
    <calibration type="frame">
      <resolution width="536" height="356"/>
      <f>401.539058354994</f>
    </calibration>
  </depth_map>
  <depth_map camera_id="103" level="3" path="3/d103.exr">
    <calibration type="frame">
      <resolution width="268" height="178"/>
      <f>200.769529177497</f>
    </calibration>
  </depth_map>
  <depth_map camera_id="104" level="0" path="0/d104.exr">
    <calibration type="frame">
      <resolution width="2144" height="1424"/>
      <f>1606.15623341998</f>
    </calibration>
  </depth_map>
  <depth_map camera_id="104" level="1" path="1/d104.exr">
    <calibration type="frame">
      <resolution width="1072" height="712"/>
      <f>803.078116709988</f>
    </calibration>
  </depth_map>
  <depth_map camera_id="104" level="2" path="2/d104.exr">
    <calibration type="frame">
      <resolution width="536" height="356"/>
      <f>401.539058354994</f>
    </calibration>
  </depth_map>
  <depth_map camera_id="104" level="3" path="3/d104.exr">
    <calibration type="frame">
      <resolution width="268" height="178"/>
      <f>200.769529177497</f>
    </calibration>
  </depth_map>
  <depth_map camera_id="105" level="0" path="0/d105.exr">
    <calibration type="frame">
      <resolution width="2144" height="1424"/>
      <f>1606.15623341998</f>
    </calibration>
  </depth_map>
  <depth_map camera_id="105" level="1" path="1/d105.exr">
    <calibration type="frame">
      <resolution width="1072" height="712"/>
      <f>803.078116709988</f>
    </calibration>
  </depth_map>
  <depth_map camera_id="105" level="2" path="2/d105.exr">
    <calibration type="frame">
      <resolution width="536" height="356"/>
      <f>401.539058354994</f>
    </calibration>
  </depth_map>
  <depth_map camera_id="106" level="0" path="0/d106.exr">
    <calibration type="frame">
      <resolution width="2144" height="1424"/>
      <f>1606.15623341998</f>
    </calibration>
  </depth_map>
  <depth_map camera_id="106" level="1" path="1/d106.exr">
    <calibration type="frame">
      <resolution width="1072" height="712"/>
      <f>803.078116709988</f>
    </calibration>
  </depth_map>
  <depth_map camera_id="106" level="2" path="2/d106.exr">
    <calibration type="frame">
      <resolution width="536" height="356"/>
      <f>401.539058354994</f>
    </calibration>
  </depth_map>
  <depth_map camera_id="107" level="0" path="0/d107.exr">
    <calibration type="frame">
      <resolution width="2144" height="1424"/>
      <f>1606.15623341998</f>
    </calibration>
  </depth_map>
  <depth_map camera_id="107" level="1" path="1/d107.exr">
    <calibration type="frame">
      <resolution width="1072" height="712"/>
      <f>803.078116709988</f>
    </calibration>
  </depth_map>
  <depth_map camera_id="107" level="2" path="2/d107.exr">
    <calibration type="frame">
      <resolution width="536" height="356"/>
      <f>401.539058354994</f>
    </calibration>
  </depth_map>
  <depth_map camera_id="108" level="0" path="0/d108.exr">
    <calibration type="frame">
      <resolution width="2144" height="1424"/>
      <f>1606.15623341998</f>
    </calibration>
  </depth_map>
  <depth_map camera_id="108" level="1" path="1/d108.exr">
    <calibration type="frame">
      <resolution width="1072" height="712"/>
      <f>803.078116709988</f>
    </calibration>
  </depth_map>
  <depth_map camera_id="108" level="2" path="2/d108.exr">
    <calibration type="frame">
      <resolution width="536" height="356"/>
      <f>401.539058354994</f>
    </calibration>
  </depth_map>
  <depth_map camera_id="109" level="0" path="0/d109.exr">
    <calibration type="frame">
      <resolution width="2144" height="1424"/>
      <f>1606.15623341998</f>
    </calibration>
  </depth_map>
  <depth_map camera_id="109" level="1" path="1/d109.exr">
    <calibration type="frame">
      <resolution width="1072" height="712"/>
      <f>803.078116709988</f>
    </calibration>
  </depth_map>
  <depth_map camera_id="109" level="2" path="2/d109.exr">
    <calibration type="frame">
      <resolution width="536" height="356"/>
      <f>401.539058354994</f>
    </calibration>
  </depth_map>
  <depth_map camera_id="109" level="3" path="3/d109.exr">
    <calibration type="frame">
      <resolution width="268" height="178"/>
      <f>200.769529177497</f>
    </calibration>
  </depth_map>
  <depth_map camera_id="110" level="0" path="0/d110.exr">
    <calibration type="frame">
      <resolution width="2144" height="1424"/>
      <f>1606.15623341998</f>
    </calibration>
  </depth_map>
  <depth_map camera_id="110" level="1" path="1/d110.exr">
    <calibration type="frame">
      <resolution width="1072" height="712"/>
      <f>803.078116709988</f>
    </calibration>
  </depth_map>
  <depth_map camera_id="110" level="2" path="2/d110.exr">
    <calibration type="frame">
      <resolution width="536" height="356"/>
      <f>401.539058354994</f>
    </calibration>
  </depth_map>
  <depth_map camera_id="110" level="3" path="3/d110.exr">
    <calibration type="frame">
      <resolution width="268" height="178"/>
      <f>200.769529177497</f>
    </calibration>
  </depth_map>
  <depth_map camera_id="111" level="0" path="0/d111.exr">
    <calibration type="frame">
      <resolution width="2144" height="1424"/>
      <f>1606.15623341998</f>
    </calibration>
  </depth_map>
  <depth_map camera_id="111" level="1" path="1/d111.exr">
    <calibration type="frame">
      <resolution width="1072" height="712"/>
      <f>803.078116709988</f>
    </calibration>
  </depth_map>
  <depth_map camera_id="111" level="2" path="2/d111.exr">
    <calibration type="frame">
      <resolution width="536" height="356"/>
      <f>401.539058354994</f>
    </calibration>
  </depth_map>
  <depth_map camera_id="111" level="3" path="3/d111.exr">
    <calibration type="frame">
      <resolution width="268" height="178"/>
      <f>200.769529177497</f>
    </calibration>
  </depth_map>
  <depth_map camera_id="112" level="0" path="0/d112.exr">
    <calibration type="frame">
      <resolution width="2144" height="1424"/>
      <f>1606.15623341998</f>
    </calibration>
  </depth_map>
  <depth_map camera_id="112" level="1" path="1/d112.exr">
    <calibration type="frame">
      <resolution width="1072" height="712"/>
      <f>803.078116709988</f>
    </calibration>
  </depth_map>
  <depth_map camera_id="112" level="2" path="2/d112.exr">
    <calibration type="frame">
      <resolution width="536" height="356"/>
      <f>401.539058354994</f>
    </calibration>
  </depth_map>
  <depth_map camera_id="112" level="3" path="3/d112.exr">
    <calibration type="frame">
      <resolution width="268" height="178"/>
      <f>200.769529177497</f>
    </calibration>
  </depth_map>
  <depth_map camera_id="113" level="0" path="0/d113.exr">
    <calibration type="frame">
      <resolution width="2144" height="1424"/>
      <f>1606.15623341998</f>
    </calibration>
  </depth_map>
  <depth_map camera_id="113" level="1" path="1/d113.exr">
    <calibration type="frame">
      <resolution width="1072" height="712"/>
      <f>803.078116709988</f>
    </calibration>
  </depth_map>
  <depth_map camera_id="113" level="2" path="2/d113.exr">
    <calibration type="frame">
      <resolution width="536" height="356"/>
      <f>401.539058354994</f>
    </calibration>
  </depth_map>
  <depth_map camera_id="113" level="3" path="3/d113.exr">
    <calibration type="frame">
      <resolution width="268" height="178"/>
      <f>200.769529177497</f>
    </calibration>
  </depth_map>
  <depth_map camera_id="114" level="0" path="0/d114.exr">
    <calibration type="frame">
      <resolution width="2144" height="1424"/>
      <f>1606.15623341998</f>
    </calibration>
  </depth_map>
  <depth_map camera_id="114" level="1" path="1/d114.exr">
    <calibration type="frame">
      <resolution width="1072" height="712"/>
      <f>803.078116709988</f>
    </calibration>
  </depth_map>
  <depth_map camera_id="114" level="2" path="2/d114.exr">
    <calibration type="frame">
      <resolution width="536" height="356"/>
      <f>401.539058354994</f>
    </calibration>
  </depth_map>
  <depth_map camera_id="115" level="0" path="0/d115.exr">
    <calibration type="frame">
      <resolution width="2144" height="1424"/>
      <f>1606.15623341998</f>
    </calibration>
  </depth_map>
  <depth_map camera_id="115" level="1" path="1/d115.exr">
    <calibration type="frame">
      <resolution width="1072" height="712"/>
      <f>803.078116709988</f>
    </calibration>
  </depth_map>
  <depth_map camera_id="115" level="2" path="2/d115.exr">
    <calibration type="frame">
      <resolution width="536" height="356"/>
      <f>401.539058354994</f>
    </calibration>
  </depth_map>
  <depth_map camera_id="116" level="0" path="0/d116.exr">
    <calibration type="frame">
      <resolution width="2144" height="1424"/>
      <f>1606.15623341998</f>
    </calibration>
  </depth_map>
  <depth_map camera_id="116" level="1" path="1/d116.exr">
    <calibration type="frame">
      <resolution width="1072" height="712"/>
      <f>803.078116709988</f>
    </calibration>
  </depth_map>
  <depth_map camera_id="116" level="2" path="2/d116.exr">
    <calibration type="frame">
      <resolution width="536" height="356"/>
      <f>401.539058354994</f>
    </calibration>
  </depth_map>
  <depth_map camera_id="117" level="0" path="0/d117.exr">
    <calibration type="frame">
      <resolution width="2144" height="1424"/>
      <f>1606.15623341998</f>
    </calibration>
  </depth_map>
  <depth_map camera_id="117" level="1" path="1/d117.exr">
    <calibration type="frame">
      <resolution width="1072" height="712"/>
      <f>803.078116709988</f>
    </calibration>
  </depth_map>
  <depth_map camera_id="117" level="2" path="2/d117.exr">
    <calibration type="frame">
      <resolution width="536" height="356"/>
      <f>401.539058354994</f>
    </calibration>
  </depth_map>
  <depth_map camera_id="117" level="3" path="3/d117.exr">
    <calibration type="frame">
      <resolution width="268" height="178"/>
      <f>200.769529177497</f>
    </calibration>
  </depth_map>
  <depth_map camera_id="118" level="0" path="0/d118.exr">
    <calibration type="frame">
      <resolution width="2144" height="1424"/>
      <f>1606.15623341998</f>
    </calibration>
  </depth_map>
  <depth_map camera_id="118" level="1" path="1/d118.exr">
    <calibration type="frame">
      <resolution width="1072" height="712"/>
      <f>803.078116709988</f>
    </calibration>
  </depth_map>
  <depth_map camera_id="118" level="2" path="2/d118.exr">
    <calibration type="frame">
      <resolution width="536" height="356"/>
      <f>401.539058354994</f>
    </calibration>
  </depth_map>
  <depth_map camera_id="118" level="3" path="3/d118.exr">
    <calibration type="frame">
      <resolution width="268" height="178"/>
      <f>200.769529177497</f>
    </calibration>
  </depth_map>
  <depth_map camera_id="119" level="0" path="0/d119.exr">
    <calibration type="frame">
      <resolution width="2144" height="1424"/>
      <f>1606.15623341998</f>
    </calibration>
  </depth_map>
  <depth_map camera_id="119" level="1" path="1/d119.exr">
    <calibration type="frame">
      <resolution width="1072" height="712"/>
      <f>803.078116709988</f>
    </calibration>
  </depth_map>
  <depth_map camera_id="119" level="2" path="2/d119.exr">
    <calibration type="frame">
      <resolution width="536" height="356"/>
      <f>401.539058354994</f>
    </calibration>
  </depth_map>
  <depth_map camera_id="119" level="3" path="3/d119.exr">
    <calibration type="frame">
      <resolution width="268" height="178"/>
      <f>200.769529177497</f>
    </calibration>
  </depth_map>
  <depth_map camera_id="120" level="0" path="0/d120.exr">
    <calibration type="frame">
      <resolution width="2144" height="1424"/>
      <f>1606.15623341998</f>
    </calibration>
  </depth_map>
  <depth_map camera_id="120" level="1" path="1/d120.exr">
    <calibration type="frame">
      <resolution width="1072" height="712"/>
      <f>803.078116709988</f>
    </calibration>
  </depth_map>
  <depth_map camera_id="120" level="2" path="2/d120.exr">
    <calibration type="frame">
      <resolution width="536" height="356"/>
      <f>401.539058354994</f>
    </calibration>
  </depth_map>
  <depth_map camera_id="120" level="3" path="3/d120.exr">
    <calibration type="frame">
      <resolution width="268" height="178"/>
      <f>200.769529177497</f>
    </calibration>
  </depth_map>
  <depth_map camera_id="121" level="0" path="0/d121.exr">
    <calibration type="frame">
      <resolution width="2144" height="1424"/>
      <f>1606.15623341998</f>
    </calibration>
  </depth_map>
  <depth_map camera_id="121" level="1" path="1/d121.exr">
    <calibration type="frame">
      <resolution width="1072" height="712"/>
      <f>803.078116709988</f>
    </calibration>
  </depth_map>
  <depth_map camera_id="121" level="2" path="2/d121.exr">
    <calibration type="frame">
      <resolution width="536" height="356"/>
      <f>401.539058354994</f>
    </calibration>
  </depth_map>
  <depth_map camera_id="121" level="3" path="3/d121.exr">
    <calibration type="frame">
      <resolution width="268" height="178"/>
      <f>200.769529177497</f>
    </calibration>
  </depth_map>
</depth_maps>
