<?xml version="1.0" encoding="UTF-8"?>
<point_cloud version="1.2.0">
  <params>
    <dataType>uint8</dataType>
    <bands>
      <band label="Red"/>
      <band label="Green"/>
      <band label="Blue"/>
    </bands>
  </params>
  <tracks path="tracks.ply" count="20136"/>
  <points path="points.ply" count="13271"/>
  <projections camera_id="0" path="p0.ply" count="971"/>
  <projections camera_id="1" path="p1.ply" count="990"/>
  <projections camera_id="2" path="p2.ply" count="1107"/>
  <projections camera_id="3" path="p3.ply" count="671"/>
  <projections camera_id="4" path="p4.ply" count="1740"/>
  <projections camera_id="5" path="p5.ply" count="1030"/>
  <projections camera_id="6" path="p6.ply" count="968"/>
  <projections camera_id="7" path="p7.ply" count="979"/>
  <projections camera_id="8" path="p8.ply" count="1230"/>
  <projections camera_id="9" path="p9.ply" count="1548"/>
  <projections camera_id="10" path="p10.ply" count="1121"/>
  <projections camera_id="11" path="p11.ply" count="929"/>
  <projections camera_id="12" path="p12.ply" count="1050"/>
  <projections camera_id="13" path="p13.ply" count="1323"/>
  <projections camera_id="14" path="p14.ply" count="833"/>
  <projections camera_id="15" path="p15.ply" count="638"/>
  <projections camera_id="16" path="p16.ply" count="507"/>
  <projections camera_id="17" path="p17.ply" count="604"/>
  <projections camera_id="18" path="p18.ply" count="616"/>
  <projections camera_id="19" path="p19.ply" count="476"/>
  <projections camera_id="20" path="p20.ply" count="463"/>
  <projections camera_id="21" path="p21.ply" count="688"/>
  <projections camera_id="22" path="p22.ply" count="972"/>
  <projections camera_id="23" path="p23.ply" count="1476"/>
  <projections camera_id="24" path="p24.ply" count="688"/>
  <projections camera_id="25" path="p25.ply" count="768"/>
  <projections camera_id="26" path="p26.ply" count="790"/>
  <projections camera_id="27" path="p27.ply" count="651"/>
  <projections camera_id="28" path="p28.ply" count="514"/>
  <projections camera_id="29" path="p29.ply" count="598"/>
  <projections camera_id="30" path="p30.ply" count="644"/>
  <projections camera_id="31" path="p31.ply" count="510"/>
  <projections camera_id="32" path="p32.ply" count="504"/>
  <projections camera_id="33" path="p33.ply" count="648"/>
  <projections camera_id="34" path="p34.ply" count="830"/>
  <projections camera_id="35" path="p35.ply" count="717"/>
  <projections camera_id="36" path="p36.ply" count="720"/>
  <projections camera_id="37" path="p37.ply" count="586"/>
  <projections camera_id="38" path="p38.ply" count="639"/>
  <projections camera_id="39" path="p39.ply" count="1350"/>
  <projections camera_id="40" path="p40.ply" count="90"/>
  <projections camera_id="41" path="p41.ply" count="99"/>
  <projections camera_id="42" path="p42.ply" count="87"/>
  <projections camera_id="43" path="p43.ply" count="121"/>
  <projections camera_id="44" path="p44.ply" count="93"/>
  <projections camera_id="45" path="p45.ply" count="154"/>
  <projections camera_id="46" path="p46.ply" count="188"/>
  <projections camera_id="47" path="p47.ply" count="125"/>
  <projections camera_id="48" path="p48.ply" count="122"/>
  <projections camera_id="49" path="p49.ply" count="110"/>
  <projections camera_id="50" path="p50.ply" count="167"/>
  <projections camera_id="51" path="p51.ply" count="189"/>
  <projections camera_id="52" path="p52.ply" count="173"/>
  <projections camera_id="53" path="p53.ply" count="135"/>
  <projections camera_id="54" path="p54.ply" count="121"/>
  <projections camera_id="55" path="p55.ply" count="99"/>
  <projections camera_id="56" path="p56.ply" count="845"/>
  <projections camera_id="57" path="p57.ply" count="336"/>
  <projections camera_id="58" path="p58.ply" count="106"/>
  <projections camera_id="59" path="p59.ply" count="110"/>
  <projections camera_id="60" path="p60.ply" count="179"/>
  <projections camera_id="61" path="p61.ply" count="304"/>
  <projections camera_id="62" path="p62.ply" count="298"/>
  <projections camera_id="63" path="p63.ply" count="380"/>
  <projections camera_id="64" path="p64.ply" count="294"/>
  <projections camera_id="65" path="p65.ply" count="127"/>
  <projections camera_id="66" path="p66.ply" count="77"/>
  <projections camera_id="67" path="p67.ply" count="103"/>
  <projections camera_id="68" path="p68.ply" count="327"/>
  <projections camera_id="69" path="p69.ply" count="356"/>
  <projections camera_id="70" path="p70.ply" count="384"/>
  <projections camera_id="71" path="p71.ply" count="312"/>
  <projections camera_id="72" path="p72.ply" count="416"/>
  <projections camera_id="73" path="p73.ply" count="560"/>
  <projections camera_id="74" path="p74.ply" count="254"/>
  <projections camera_id="75" path="p75.ply" count="319"/>
  <projections camera_id="76" path="p76.ply" count="616"/>
  <projections camera_id="77" path="p77.ply" count="571"/>
  <projections camera_id="78" path="p78.ply" count="663"/>
  <projections camera_id="79" path="p79.ply" count="577"/>
  <projections camera_id="80" path="p80.ply" count="363"/>
  <projections camera_id="81" path="p81.ply" count="234"/>
  <projections camera_id="82" path="p82.ply" count="155"/>
  <projections camera_id="83" path="p83.ply" count="234"/>
  <projections camera_id="84" path="p84.ply" count="377"/>
  <projections camera_id="85" path="p85.ply" count="532"/>
  <projections camera_id="86" path="p86.ply" count="532"/>
  <projections camera_id="87" path="p87.ply" count="620"/>
  <projections camera_id="88" path="p88.ply" count="962"/>
  <projections camera_id="89" path="p89.ply" count="744"/>
  <projections camera_id="90" path="p90.ply" count="352"/>
  <projections camera_id="91" path="p91.ply" count="401"/>
  <projections camera_id="92" path="p92.ply" count="658"/>
  <projections camera_id="93" path="p93.ply" count="694"/>
  <projections camera_id="94" path="p94.ply" count="760"/>
  <projections camera_id="95" path="p95.ply" count="626"/>
  <projections camera_id="96" path="p96.ply" count="466"/>
  <projections camera_id="97" path="p97.ply" count="273"/>
  <projections camera_id="98" path="p98.ply" count="191"/>
  <projections camera_id="99" path="p99.ply" count="252"/>
  <projections camera_id="100" path="p100.ply" count="389"/>
  <projections camera_id="101" path="p101.ply" count="623"/>
  <projections camera_id="102" path="p102.ply" count="676"/>
  <projections camera_id="103" path="p103.ply" count="779"/>
  <projections camera_id="104" path="p104.ply" count="929"/>
  <projections camera_id="105" path="p105.ply" count="713"/>
  <projections camera_id="106" path="p106.ply" count="756"/>
  <projections camera_id="107" path="p107.ply" count="223"/>
  <projections camera_id="108" path="p108.ply" count="301"/>
  <projections camera_id="109" path="p109.ply" count="403"/>
  <projections camera_id="110" path="p110.ply" count="411"/>
  <projections camera_id="111" path="p111.ply" count="427"/>
  <projections camera_id="112" path="p112.ply" count="363"/>
  <projections camera_id="113" path="p113.ply" count="231"/>
  <projections camera_id="114" path="p114.ply" count="183"/>
  <projections camera_id="115" path="p115.ply" count="135"/>
  <projections camera_id="116" path="p116.ply" count="212"/>
  <projections camera_id="117" path="p117.ply" count="262"/>
  <projections camera_id="118" path="p118.ply" count="347"/>
  <projections camera_id="119" path="p119.ply" count="424"/>
  <projections camera_id="120" path="p120.ply" count="364"/>
  <projections camera_id="121" path="p121.ply" count="435"/>
  <meta>
    <property name="match/duration" value="273.720721"/>
    <property name="match/mask_tiepoints" value="false"/>
    <property name="match/match_downscale" value="1"/>
    <property name="match/match_filter_mask" value="true"/>
    <property name="match/match_point_limit" value="40000"/>
    <property name="match/match_preselection_generic" value="true"/>
    <property name="match/match_tiepoint_limit" value="4000"/>
  </meta>
</point_cloud>
