<?xml version="1.0" encoding="UTF-8"?>
<depth_maps version="1.5.0">
  <depth_map camera_id="12" level="0" path="0/d12.exr">
    <calibration type="frame">
      <resolution width="2144" height="1424"/>
      <f>1606.15623341998</f>
    </calibration>
  </depth_map>
  <depth_map camera_id="12" level="1" path="1/d12.exr">
    <calibration type="frame">
      <resolution width="1072" height="712"/>
      <f>803.078116709988</f>
    </calibration>
  </depth_map>
  <depth_map camera_id="12" level="2" path="2/d12.exr">
    <calibration type="frame">
      <resolution width="536" height="356"/>
      <f>401.539058354994</f>
    </calibration>
  </depth_map>
  <depth_map camera_id="13" level="0" path="0/d13.exr">
    <calibration type="frame">
      <resolution width="2144" height="1424"/>
      <f>1606.15623341998</f>
    </calibration>
  </depth_map>
  <depth_map camera_id="13" level="1" path="1/d13.exr">
    <calibration type="frame">
      <resolution width="1072" height="712"/>
      <f>803.078116709988</f>
    </calibration>
  </depth_map>
  <depth_map camera_id="13" level="2" path="2/d13.exr">
    <calibration type="frame">
      <resolution width="536" height="356"/>
      <f>401.539058354994</f>
    </calibration>
  </depth_map>
  <depth_map camera_id="14" level="0" path="0/d14.exr">
    <calibration type="frame">
      <resolution width="2144" height="1424"/>
      <f>1606.15623341998</f>
    </calibration>
  </depth_map>
  <depth_map camera_id="14" level="1" path="1/d14.exr">
    <calibration type="frame">
      <resolution width="1072" height="712"/>
      <f>803.078116709988</f>
    </calibration>
  </depth_map>
  <depth_map camera_id="14" level="2" path="2/d14.exr">
    <calibration type="frame">
      <resolution width="536" height="356"/>
      <f>401.539058354994</f>
    </calibration>
  </depth_map>
  <depth_map camera_id="15" level="0" path="0/d15.exr">
    <calibration type="frame">
      <resolution width="2144" height="1424"/>
      <f>1606.15623341998</f>
    </calibration>
  </depth_map>
  <depth_map camera_id="15" level="1" path="1/d15.exr">
    <calibration type="frame">
      <resolution width="1072" height="712"/>
      <f>803.078116709988</f>
    </calibration>
  </depth_map>
  <depth_map camera_id="15" level="2" path="2/d15.exr">
    <calibration type="frame">
      <resolution width="536" height="356"/>
      <f>401.539058354994</f>
    </calibration>
  </depth_map>
  <depth_map camera_id="15" level="3" path="3/d15.exr">
    <calibration type="frame">
      <resolution width="268" height="178"/>
      <f>200.769529177497</f>
    </calibration>
  </depth_map>
  <depth_map camera_id="28" level="0" path="0/d28.exr">
    <calibration type="frame">
      <resolution width="2144" height="1424"/>
      <f>1606.15623341998</f>
    </calibration>
  </depth_map>
  <depth_map camera_id="28" level="1" path="1/d28.exr">
    <calibration type="frame">
      <resolution width="1072" height="712"/>
      <f>803.078116709988</f>
    </calibration>
  </depth_map>
  <depth_map camera_id="28" level="2" path="2/d28.exr">
    <calibration type="frame">
      <resolution width="536" height="356"/>
      <f>401.539058354994</f>
    </calibration>
  </depth_map>
  <depth_map camera_id="29" level="0" path="0/d29.exr">
    <calibration type="frame">
      <resolution width="2144" height="1424"/>
      <f>1606.15623341998</f>
    </calibration>
  </depth_map>
  <depth_map camera_id="29" level="1" path="1/d29.exr">
    <calibration type="frame">
      <resolution width="1072" height="712"/>
      <f>803.078116709988</f>
    </calibration>
  </depth_map>
  <depth_map camera_id="29" level="2" path="2/d29.exr">
    <calibration type="frame">
      <resolution width="536" height="356"/>
      <f>401.539058354994</f>
    </calibration>
  </depth_map>
  <depth_map camera_id="30" level="0" path="0/d30.exr">
    <calibration type="frame">
      <resolution width="2144" height="1424"/>
      <f>1606.15623341998</f>
    </calibration>
  </depth_map>
  <depth_map camera_id="30" level="1" path="1/d30.exr">
    <calibration type="frame">
      <resolution width="1072" height="712"/>
      <f>803.078116709988</f>
    </calibration>
  </depth_map>
  <depth_map camera_id="30" level="2" path="2/d30.exr">
    <calibration type="frame">
      <resolution width="536" height="356"/>
      <f>401.539058354994</f>
    </calibration>
  </depth_map>
  <depth_map camera_id="31" level="0" path="0/d31.exr">
    <calibration type="frame">
      <resolution width="2144" height="1424"/>
      <f>1606.15623341998</f>
    </calibration>
  </depth_map>
  <depth_map camera_id="31" level="1" path="1/d31.exr">
    <calibration type="frame">
      <resolution width="1072" height="712"/>
      <f>803.078116709988</f>
    </calibration>
  </depth_map>
  <depth_map camera_id="31" level="2" path="2/d31.exr">
    <calibration type="frame">
      <resolution width="536" height="356"/>
      <f>401.539058354994</f>
    </calibration>
  </depth_map>
  <depth_map camera_id="31" level="3" path="3/d31.exr">
    <calibration type="frame">
      <resolution width="268" height="178"/>
      <f>200.769529177497</f>
    </calibration>
  </depth_map>
  <depth_map camera_id="44" level="0" path="0/d44.exr">
    <calibration type="frame">
      <resolution width="2144" height="1424"/>
      <f>1606.15623341998</f>
    </calibration>
  </depth_map>
  <depth_map camera_id="44" level="1" path="1/d44.exr">
    <calibration type="frame">
      <resolution width="1072" height="712"/>
      <f>803.078116709988</f>
    </calibration>
  </depth_map>
  <depth_map camera_id="44" level="2" path="2/d44.exr">
    <calibration type="frame">
      <resolution width="536" height="356"/>
      <f>401.539058354994</f>
    </calibration>
  </depth_map>
  <depth_map camera_id="45" level="0" path="0/d45.exr">
    <calibration type="frame">
      <resolution width="2144" height="1424"/>
      <f>1606.15623341998</f>
    </calibration>
  </depth_map>
  <depth_map camera_id="45" level="1" path="1/d45.exr">
    <calibration type="frame">
      <resolution width="1072" height="712"/>
      <f>803.078116709988</f>
    </calibration>
  </depth_map>
  <depth_map camera_id="45" level="2" path="2/d45.exr">
    <calibration type="frame">
      <resolution width="536" height="356"/>
      <f>401.539058354994</f>
    </calibration>
  </depth_map>
  <depth_map camera_id="46" level="0" path="0/d46.exr">
    <calibration type="frame">
      <resolution width="2144" height="1424"/>
      <f>1606.15623341998</f>
    </calibration>
  </depth_map>
  <depth_map camera_id="46" level="1" path="1/d46.exr">
    <calibration type="frame">
      <resolution width="1072" height="712"/>
      <f>803.078116709988</f>
    </calibration>
  </depth_map>
  <depth_map camera_id="46" level="2" path="2/d46.exr">
    <calibration type="frame">
      <resolution width="536" height="356"/>
      <f>401.539058354994</f>
    </calibration>
  </depth_map>
  <depth_map camera_id="47" level="0" path="0/d47.exr">
    <calibration type="frame">
      <resolution width="2144" height="1424"/>
      <f>1606.15623341998</f>
    </calibration>
  </depth_map>
  <depth_map camera_id="47" level="1" path="1/d47.exr">
    <calibration type="frame">
      <resolution width="1072" height="712"/>
      <f>803.078116709988</f>
    </calibration>
  </depth_map>
  <depth_map camera_id="47" level="2" path="2/d47.exr">
    <calibration type="frame">
      <resolution width="536" height="356"/>
      <f>401.539058354994</f>
    </calibration>
  </depth_map>
  <depth_map camera_id="47" level="3" path="3/d47.exr">
    <calibration type="frame">
      <resolution width="268" height="178"/>
      <f>200.769529177497</f>
    </calibration>
  </depth_map>
  <depth_map camera_id="60" level="0" path="0/d60.exr">
    <calibration type="frame">
      <resolution width="2144" height="1424"/>
      <f>1606.15623341998</f>
    </calibration>
  </depth_map>
  <depth_map camera_id="60" level="1" path="1/d60.exr">
    <calibration type="frame">
      <resolution width="1072" height="712"/>
      <f>803.078116709988</f>
    </calibration>
  </depth_map>
  <depth_map camera_id="60" level="2" path="2/d60.exr">
    <calibration type="frame">
      <resolution width="536" height="356"/>
      <f>401.539058354994</f>
    </calibration>
  </depth_map>
  <depth_map camera_id="61" level="0" path="0/d61.exr">
    <calibration type="frame">
      <resolution width="2144" height="1424"/>
      <f>1606.15623341998</f>
    </calibration>
  </depth_map>
  <depth_map camera_id="61" level="1" path="1/d61.exr">
    <calibration type="frame">
      <resolution width="1072" height="712"/>
      <f>803.078116709988</f>
    </calibration>
  </depth_map>
  <depth_map camera_id="61" level="2" path="2/d61.exr">
    <calibration type="frame">
      <resolution width="536" height="356"/>
      <f>401.539058354994</f>
    </calibration>
  </depth_map>
  <depth_map camera_id="62" level="0" path="0/d62.exr">
    <calibration type="frame">
      <resolution width="2144" height="1424"/>
      <f>1606.15623341998</f>
    </calibration>
  </depth_map>
  <depth_map camera_id="62" level="1" path="1/d62.exr">
    <calibration type="frame">
      <resolution width="1072" height="712"/>
      <f>803.078116709988</f>
    </calibration>
  </depth_map>
  <depth_map camera_id="62" level="2" path="2/d62.exr">
    <calibration type="frame">
      <resolution width="536" height="356"/>
      <f>401.539058354994</f>
    </calibration>
  </depth_map>
  <depth_map camera_id="62" level="3" path="3/d62.exr">
    <calibration type="frame">
      <resolution width="268" height="178"/>
      <f>200.769529177497</f>
    </calibration>
  </depth_map>
  <depth_map camera_id="63" level="0" path="0/d63.exr">
    <calibration type="frame">
      <resolution width="2144" height="1424"/>
      <f>1606.15623341998</f>
    </calibration>
  </depth_map>
  <depth_map camera_id="63" level="1" path="1/d63.exr">
    <calibration type="frame">
      <resolution width="1072" height="712"/>
      <f>803.078116709988</f>
    </calibration>
  </depth_map>
  <depth_map camera_id="63" level="2" path="2/d63.exr">
    <calibration type="frame">
      <resolution width="536" height="356"/>
      <f>401.539058354994</f>
    </calibration>
  </depth_map>
  <depth_map camera_id="63" level="3" path="3/d63.exr">
    <calibration type="frame">
      <resolution width="268" height="178"/>
      <f>200.769529177497</f>
    </calibration>
  </depth_map>
</depth_maps>
