<?xml version="1.0" encoding="UTF-8"?>
<frame version="1.2.0">
  <cameras>
    <camera camera_id="0">
      <photo path="../../../Time-Books/DSC_1036.tif">
        <meta>
          <property name="Exif/ApertureValue" value="6"/>
          <property name="Exif/DateTime" value="2019:06:17 15:52:53"/>
          <property name="Exif/DateTimeOriginal" value="2019:06:17 14:19:24"/>
          <property name="Exif/ExposureTime" value="0.0333333"/>
          <property name="Exif/FNumber" value="8"/>
          <property name="Exif/FocalLength" value="18"/>
          <property name="Exif/FocalLengthIn35mmFilm" value="27"/>
          <property name="Exif/ISOSpeedRatings" value="100"/>
          <property name="Exif/Make" value="NIKON CORPORATION"/>
          <property name="Exif/Model" value="NIKON D90"/>
          <property name="Exif/Orientation" value="1"/>
          <property name="Exif/ShutterSpeedValue" value="4.90689"/>
          <property name="Exif/Software" value="Adobe Photoshop CC 2018 (Macintosh)"/>
          <property name="File/ImageHeight" value="2848"/>
          <property name="File/ImageWidth" value="4288"/>
          <property name="System/FileModifyDate" value="2019:06:17 15:52:56"/>
          <property name="System/FileSize" value="85653764"/>
        </meta>
      </photo>
    </camera>
    <camera camera_id="1">
      <photo path="../../../Time-Books/DSC_1037.tif">
        <meta>
          <property name="Exif/ApertureValue" value="6"/>
          <property name="Exif/DateTime" value="2019:06:17 15:53:42"/>
          <property name="Exif/DateTimeOriginal" value="2019:06:17 14:19:33"/>
          <property name="Exif/ExposureTime" value="0.0333333"/>
          <property name="Exif/FNumber" value="8"/>
          <property name="Exif/FocalLength" value="18"/>
          <property name="Exif/FocalLengthIn35mmFilm" value="27"/>
          <property name="Exif/ISOSpeedRatings" value="100"/>
          <property name="Exif/Make" value="NIKON CORPORATION"/>
          <property name="Exif/Model" value="NIKON D90"/>
          <property name="Exif/Orientation" value="1"/>
          <property name="Exif/ShutterSpeedValue" value="4.90689"/>
          <property name="Exif/Software" value="Adobe Photoshop CC 2018 (Macintosh)"/>
          <property name="File/ImageHeight" value="2848"/>
          <property name="File/ImageWidth" value="4288"/>
          <property name="System/FileModifyDate" value="2019:06:17 15:53:45"/>
          <property name="System/FileSize" value="85539028"/>
        </meta>
      </photo>
    </camera>
    <camera camera_id="2">
      <photo path="../../../Time-Books/DSC_1038.tif">
        <meta>
          <property name="Exif/ApertureValue" value="6"/>
          <property name="Exif/DateTime" value="2019:06:17 15:56:04"/>
          <property name="Exif/DateTimeOriginal" value="2019:06:17 14:19:46"/>
          <property name="Exif/ExposureTime" value="0.0333333"/>
          <property name="Exif/FNumber" value="8"/>
          <property name="Exif/FocalLength" value="18"/>
          <property name="Exif/FocalLengthIn35mmFilm" value="27"/>
          <property name="Exif/ISOSpeedRatings" value="100"/>
          <property name="Exif/Make" value="NIKON CORPORATION"/>
          <property name="Exif/Model" value="NIKON D90"/>
          <property name="Exif/Orientation" value="1"/>
          <property name="Exif/ShutterSpeedValue" value="4.90689"/>
          <property name="Exif/Software" value="Adobe Photoshop CC 2018 (Macintosh)"/>
          <property name="File/ImageHeight" value="2848"/>
          <property name="File/ImageWidth" value="4288"/>
          <property name="System/FileModifyDate" value="2019:06:17 15:56:07"/>
          <property name="System/FileSize" value="85642416"/>
        </meta>
      </photo>
    </camera>
    <camera camera_id="3">
      <photo path="../../../Time-Books/DSC_1039.tif">
        <meta>
          <property name="Exif/ApertureValue" value="6"/>
          <property name="Exif/DateTime" value="2019:06:17 15:57:56"/>
          <property name="Exif/DateTimeOriginal" value="2019:06:17 14:19:56"/>
          <property name="Exif/ExposureTime" value="0.0333333"/>
          <property name="Exif/FNumber" value="8"/>
          <property name="Exif/FocalLength" value="18"/>
          <property name="Exif/FocalLengthIn35mmFilm" value="27"/>
          <property name="Exif/ISOSpeedRatings" value="100"/>
          <property name="Exif/Make" value="NIKON CORPORATION"/>
          <property name="Exif/Model" value="NIKON D90"/>
          <property name="Exif/Orientation" value="1"/>
          <property name="Exif/ShutterSpeedValue" value="4.90689"/>
          <property name="Exif/Software" value="Adobe Photoshop CC 2018 (Macintosh)"/>
          <property name="File/ImageHeight" value="2848"/>
          <property name="File/ImageWidth" value="4288"/>
          <property name="System/FileModifyDate" value="2019:06:17 15:58:00"/>
          <property name="System/FileSize" value="85636012"/>
        </meta>
      </photo>
    </camera>
    <camera camera_id="4">
      <photo path="../../../Time-Books/DSC_1040.tif">
        <meta>
          <property name="Exif/ApertureValue" value="6"/>
          <property name="Exif/DateTime" value="2019:06:17 16:01:43"/>
          <property name="Exif/DateTimeOriginal" value="2019:06:17 14:20:07"/>
          <property name="Exif/ExposureTime" value="0.0333333"/>
          <property name="Exif/FNumber" value="8"/>
          <property name="Exif/FocalLength" value="18"/>
          <property name="Exif/FocalLengthIn35mmFilm" value="27"/>
          <property name="Exif/ISOSpeedRatings" value="100"/>
          <property name="Exif/Make" value="NIKON CORPORATION"/>
          <property name="Exif/Model" value="NIKON D90"/>
          <property name="Exif/Orientation" value="1"/>
          <property name="Exif/ShutterSpeedValue" value="4.90689"/>
          <property name="Exif/Software" value="Adobe Photoshop CC 2018 (Macintosh)"/>
          <property name="File/ImageHeight" value="2848"/>
          <property name="File/ImageWidth" value="4288"/>
          <property name="System/FileModifyDate" value="2019:06:17 16:01:47"/>
          <property name="System/FileSize" value="85607120"/>
        </meta>
      </photo>
    </camera>
    <camera camera_id="5">
      <photo path="../../../Time-Books/DSC_1041.tif">
        <meta>
          <property name="Exif/ApertureValue" value="6"/>
          <property name="Exif/DateTime" value="2019:06:17 16:05:34"/>
          <property name="Exif/DateTimeOriginal" value="2019:06:17 14:20:19"/>
          <property name="Exif/ExposureTime" value="0.0333333"/>
          <property name="Exif/FNumber" value="8"/>
          <property name="Exif/FocalLength" value="18"/>
          <property name="Exif/FocalLengthIn35mmFilm" value="27"/>
          <property name="Exif/ISOSpeedRatings" value="100"/>
          <property name="Exif/Make" value="NIKON CORPORATION"/>
          <property name="Exif/Model" value="NIKON D90"/>
          <property name="Exif/Orientation" value="1"/>
          <property name="Exif/ShutterSpeedValue" value="4.90689"/>
          <property name="Exif/Software" value="Adobe Photoshop CC 2018 (Macintosh)"/>
          <property name="File/ImageHeight" value="2848"/>
          <property name="File/ImageWidth" value="4288"/>
          <property name="System/FileModifyDate" value="2019:06:17 16:05:37"/>
          <property name="System/FileSize" value="85489332"/>
        </meta>
      </photo>
    </camera>
    <camera camera_id="6">
      <photo path="../../../Time-Books/DSC_1042.tif">
        <meta>
          <property name="Exif/ApertureValue" value="6"/>
          <property name="Exif/DateTime" value="2019:06:17 16:08:31"/>
          <property name="Exif/DateTimeOriginal" value="2019:06:17 14:20:30"/>
          <property name="Exif/ExposureTime" value="0.0333333"/>
          <property name="Exif/FNumber" value="8"/>
          <property name="Exif/FocalLength" value="18"/>
          <property name="Exif/FocalLengthIn35mmFilm" value="27"/>
          <property name="Exif/ISOSpeedRatings" value="100"/>
          <property name="Exif/Make" value="NIKON CORPORATION"/>
          <property name="Exif/Model" value="NIKON D90"/>
          <property name="Exif/Orientation" value="1"/>
          <property name="Exif/ShutterSpeedValue" value="4.90689"/>
          <property name="Exif/Software" value="Adobe Photoshop CC 2018 (Macintosh)"/>
          <property name="File/ImageHeight" value="2848"/>
          <property name="File/ImageWidth" value="4288"/>
          <property name="System/FileModifyDate" value="2019:06:17 16:08:34"/>
          <property name="System/FileSize" value="85624684"/>
        </meta>
      </photo>
    </camera>
    <camera camera_id="7">
      <photo path="../../../Time-Books/DSC_1043.tif">
        <meta>
          <property name="Exif/ApertureValue" value="6"/>
          <property name="Exif/DateTime" value="2019:06:17 16:09:18"/>
          <property name="Exif/DateTimeOriginal" value="2019:06:17 14:20:58"/>
          <property name="Exif/ExposureTime" value="0.0333333"/>
          <property name="Exif/FNumber" value="8"/>
          <property name="Exif/FocalLength" value="18"/>
          <property name="Exif/FocalLengthIn35mmFilm" value="27"/>
          <property name="Exif/ISOSpeedRatings" value="100"/>
          <property name="Exif/Make" value="NIKON CORPORATION"/>
          <property name="Exif/Model" value="NIKON D90"/>
          <property name="Exif/Orientation" value="1"/>
          <property name="Exif/ShutterSpeedValue" value="4.90689"/>
          <property name="Exif/Software" value="Adobe Photoshop CC 2018 (Macintosh)"/>
          <property name="File/ImageHeight" value="2848"/>
          <property name="File/ImageWidth" value="4288"/>
          <property name="System/FileModifyDate" value="2019:06:17 16:09:20"/>
          <property name="System/FileSize" value="85649688"/>
        </meta>
      </photo>
    </camera>
    <camera camera_id="8">
      <photo path="../../../Time-Books/DSC_1044.tif">
        <meta>
          <property name="Exif/ApertureValue" value="6"/>
          <property name="Exif/DateTime" value="2019:06:17 16:10:46"/>
          <property name="Exif/DateTimeOriginal" value="2019:06:17 14:21:10"/>
          <property name="Exif/ExposureTime" value="0.0333333"/>
          <property name="Exif/FNumber" value="8"/>
          <property name="Exif/FocalLength" value="18"/>
          <property name="Exif/FocalLengthIn35mmFilm" value="27"/>
          <property name="Exif/ISOSpeedRatings" value="100"/>
          <property name="Exif/Make" value="NIKON CORPORATION"/>
          <property name="Exif/Model" value="NIKON D90"/>
          <property name="Exif/Orientation" value="1"/>
          <property name="Exif/ShutterSpeedValue" value="4.90689"/>
          <property name="Exif/Software" value="Adobe Photoshop CC 2018 (Macintosh)"/>
          <property name="File/ImageHeight" value="2848"/>
          <property name="File/ImageWidth" value="4288"/>
          <property name="System/FileModifyDate" value="2019:06:17 16:10:50"/>
          <property name="System/FileSize" value="85474304"/>
        </meta>
      </photo>
    </camera>
    <camera camera_id="9">
      <photo path="../../../Time-Books/DSC_1045.tif">
        <meta>
          <property name="Exif/ApertureValue" value="6"/>
          <property name="Exif/DateTime" value="2019:06:17 16:11:46"/>
          <property name="Exif/DateTimeOriginal" value="2019:06:17 14:21:22"/>
          <property name="Exif/ExposureTime" value="0.0333333"/>
          <property name="Exif/FNumber" value="8"/>
          <property name="Exif/FocalLength" value="18"/>
          <property name="Exif/FocalLengthIn35mmFilm" value="27"/>
          <property name="Exif/ISOSpeedRatings" value="100"/>
          <property name="Exif/Make" value="NIKON CORPORATION"/>
          <property name="Exif/Model" value="NIKON D90"/>
          <property name="Exif/Orientation" value="1"/>
          <property name="Exif/ShutterSpeedValue" value="4.90689"/>
          <property name="Exif/Software" value="Adobe Photoshop CC 2018 (Macintosh)"/>
          <property name="File/ImageHeight" value="2848"/>
          <property name="File/ImageWidth" value="4288"/>
          <property name="System/FileModifyDate" value="2019:06:17 16:11:49"/>
          <property name="System/FileSize" value="85636572"/>
        </meta>
      </photo>
    </camera>
    <camera camera_id="10">
      <photo path="../../../Time-Books/DSC_1046.tif">
        <meta>
          <property name="Exif/ApertureValue" value="6"/>
          <property name="Exif/DateTime" value="2019:06:17 16:14:15"/>
          <property name="Exif/DateTimeOriginal" value="2019:06:17 14:21:35"/>
          <property name="Exif/ExposureTime" value="0.0333333"/>
          <property name="Exif/FNumber" value="8"/>
          <property name="Exif/FocalLength" value="18"/>
          <property name="Exif/FocalLengthIn35mmFilm" value="27"/>
          <property name="Exif/ISOSpeedRatings" value="100"/>
          <property name="Exif/Make" value="NIKON CORPORATION"/>
          <property name="Exif/Model" value="NIKON D90"/>
          <property name="Exif/Orientation" value="1"/>
          <property name="Exif/ShutterSpeedValue" value="4.90689"/>
          <property name="Exif/Software" value="Adobe Photoshop CC 2018 (Macintosh)"/>
          <property name="File/ImageHeight" value="2848"/>
          <property name="File/ImageWidth" value="4288"/>
          <property name="System/FileModifyDate" value="2019:06:17 16:14:17"/>
          <property name="System/FileSize" value="85644508"/>
        </meta>
      </photo>
    </camera>
    <camera camera_id="11">
      <photo path="../../../Time-Books/DSC_1047.tif">
        <meta>
          <property name="Exif/ApertureValue" value="6"/>
          <property name="Exif/DateTime" value="2019:06:17 16:16:36"/>
          <property name="Exif/DateTimeOriginal" value="2019:06:17 14:21:48"/>
          <property name="Exif/ExposureTime" value="0.0333333"/>
          <property name="Exif/FNumber" value="8"/>
          <property name="Exif/FocalLength" value="18"/>
          <property name="Exif/FocalLengthIn35mmFilm" value="27"/>
          <property name="Exif/ISOSpeedRatings" value="100"/>
          <property name="Exif/Make" value="NIKON CORPORATION"/>
          <property name="Exif/Model" value="NIKON D90"/>
          <property name="Exif/Orientation" value="1"/>
          <property name="Exif/ShutterSpeedValue" value="4.90689"/>
          <property name="Exif/Software" value="Adobe Photoshop CC 2018 (Macintosh)"/>
          <property name="File/ImageHeight" value="2848"/>
          <property name="File/ImageWidth" value="4288"/>
          <property name="System/FileModifyDate" value="2019:06:17 16:16:38"/>
          <property name="System/FileSize" value="85638796"/>
        </meta>
      </photo>
    </camera>
    <camera camera_id="12">
      <photo path="../../../Time-Books/DSC_1048.tif">
        <meta>
          <property name="Exif/ApertureValue" value="6"/>
          <property name="Exif/DateTime" value="2019:06:17 16:18:43"/>
          <property name="Exif/DateTimeOriginal" value="2019:06:17 14:22:00"/>
          <property name="Exif/ExposureTime" value="0.0333333"/>
          <property name="Exif/FNumber" value="8"/>
          <property name="Exif/FocalLength" value="18"/>
          <property name="Exif/FocalLengthIn35mmFilm" value="27"/>
          <property name="Exif/ISOSpeedRatings" value="100"/>
          <property name="Exif/Make" value="NIKON CORPORATION"/>
          <property name="Exif/Model" value="NIKON D90"/>
          <property name="Exif/Orientation" value="1"/>
          <property name="Exif/ShutterSpeedValue" value="4.90689"/>
          <property name="Exif/Software" value="Adobe Photoshop CC 2018 (Macintosh)"/>
          <property name="File/ImageHeight" value="2848"/>
          <property name="File/ImageWidth" value="4288"/>
          <property name="System/FileModifyDate" value="2019:06:17 16:18:45"/>
          <property name="System/FileSize" value="85519420"/>
        </meta>
      </photo>
    </camera>
    <camera camera_id="13">
      <photo path="../../../Time-Books/DSC_1049.tif">
        <meta>
          <property name="Exif/ApertureValue" value="6"/>
          <property name="Exif/DateTime" value="2019:06:17 16:22:20"/>
          <property name="Exif/DateTimeOriginal" value="2019:06:17 14:22:11"/>
          <property name="Exif/ExposureTime" value="0.0333333"/>
          <property name="Exif/FNumber" value="8"/>
          <property name="Exif/FocalLength" value="18"/>
          <property name="Exif/FocalLengthIn35mmFilm" value="27"/>
          <property name="Exif/ISOSpeedRatings" value="100"/>
          <property name="Exif/Make" value="NIKON CORPORATION"/>
          <property name="Exif/Model" value="NIKON D90"/>
          <property name="Exif/Orientation" value="1"/>
          <property name="Exif/ShutterSpeedValue" value="4.90689"/>
          <property name="Exif/Software" value="Adobe Photoshop CC 2018 (Macintosh)"/>
          <property name="File/ImageHeight" value="2848"/>
          <property name="File/ImageWidth" value="4288"/>
          <property name="System/FileModifyDate" value="2019:06:17 16:22:22"/>
          <property name="System/FileSize" value="85618160"/>
        </meta>
      </photo>
    </camera>
    <camera camera_id="14">
      <photo path="../../../Time-Books/DSC_1050.tif">
        <meta>
          <property name="Exif/ApertureValue" value="6"/>
          <property name="Exif/DateTime" value="2019:06:17 16:24:01"/>
          <property name="Exif/DateTimeOriginal" value="2019:06:17 14:22:34"/>
          <property name="Exif/ExposureTime" value="0.0333333"/>
          <property name="Exif/FNumber" value="8"/>
          <property name="Exif/FocalLength" value="18"/>
          <property name="Exif/FocalLengthIn35mmFilm" value="27"/>
          <property name="Exif/ISOSpeedRatings" value="100"/>
          <property name="Exif/Make" value="NIKON CORPORATION"/>
          <property name="Exif/Model" value="NIKON D90"/>
          <property name="Exif/Orientation" value="1"/>
          <property name="Exif/ShutterSpeedValue" value="4.90689"/>
          <property name="Exif/Software" value="Adobe Photoshop CC 2018 (Macintosh)"/>
          <property name="File/ImageHeight" value="2848"/>
          <property name="File/ImageWidth" value="4288"/>
          <property name="System/FileModifyDate" value="2019:06:17 16:24:04"/>
          <property name="System/FileSize" value="85523744"/>
        </meta>
      </photo>
    </camera>
    <camera camera_id="15">
      <photo path="../../../Time-Books/DSC_1051.tif">
        <meta>
          <property name="Exif/ApertureValue" value="6"/>
          <property name="Exif/DateTime" value="2019:06:17 16:27:04"/>
          <property name="Exif/DateTimeOriginal" value="2019:06:17 14:22:42"/>
          <property name="Exif/ExposureTime" value="0.0333333"/>
          <property name="Exif/FNumber" value="8"/>
          <property name="Exif/FocalLength" value="18"/>
          <property name="Exif/FocalLengthIn35mmFilm" value="27"/>
          <property name="Exif/ISOSpeedRatings" value="100"/>
          <property name="Exif/Make" value="NIKON CORPORATION"/>
          <property name="Exif/Model" value="NIKON D90"/>
          <property name="Exif/Orientation" value="1"/>
          <property name="Exif/ShutterSpeedValue" value="4.90689"/>
          <property name="Exif/Software" value="Adobe Photoshop CC 2018 (Macintosh)"/>
          <property name="File/ImageHeight" value="2848"/>
          <property name="File/ImageWidth" value="4288"/>
          <property name="System/FileModifyDate" value="2019:06:17 16:27:06"/>
          <property name="System/FileSize" value="85634968"/>
        </meta>
      </photo>
    </camera>
    <camera camera_id="16">
      <photo path="../../../Time-Books/DSC_1052.tif">
        <meta>
          <property name="Exif/ApertureValue" value="6"/>
          <property name="Exif/DateTime" value="2019:06:17 16:28:49"/>
          <property name="Exif/DateTimeOriginal" value="2019:06:17 14:24:46"/>
          <property name="Exif/ExposureTime" value="0.0333333"/>
          <property name="Exif/FNumber" value="8"/>
          <property name="Exif/FocalLength" value="18"/>
          <property name="Exif/FocalLengthIn35mmFilm" value="27"/>
          <property name="Exif/ISOSpeedRatings" value="100"/>
          <property name="Exif/Make" value="NIKON CORPORATION"/>
          <property name="Exif/Model" value="NIKON D90"/>
          <property name="Exif/Orientation" value="1"/>
          <property name="Exif/ShutterSpeedValue" value="4.90689"/>
          <property name="Exif/Software" value="Adobe Photoshop CC 2018 (Macintosh)"/>
          <property name="File/ImageHeight" value="2848"/>
          <property name="File/ImageWidth" value="4288"/>
          <property name="System/FileModifyDate" value="2019:06:17 16:28:52"/>
          <property name="System/FileSize" value="85739424"/>
        </meta>
      </photo>
    </camera>
    <camera camera_id="17">
      <photo path="../../../Time-Books/DSC_1053.tif">
        <meta>
          <property name="Exif/ApertureValue" value="6"/>
          <property name="Exif/DateTime" value="2019:06:17 16:30:50"/>
          <property name="Exif/DateTimeOriginal" value="2019:06:17 14:24:57"/>
          <property name="Exif/ExposureTime" value="0.0333333"/>
          <property name="Exif/FNumber" value="8"/>
          <property name="Exif/FocalLength" value="18"/>
          <property name="Exif/FocalLengthIn35mmFilm" value="27"/>
          <property name="Exif/ISOSpeedRatings" value="100"/>
          <property name="Exif/Make" value="NIKON CORPORATION"/>
          <property name="Exif/Model" value="NIKON D90"/>
          <property name="Exif/Orientation" value="1"/>
          <property name="Exif/ShutterSpeedValue" value="4.90689"/>
          <property name="Exif/Software" value="Adobe Photoshop CC 2018 (Macintosh)"/>
          <property name="File/ImageHeight" value="2848"/>
          <property name="File/ImageWidth" value="4288"/>
          <property name="System/FileModifyDate" value="2019:06:17 16:30:53"/>
          <property name="System/FileSize" value="85603500"/>
        </meta>
      </photo>
    </camera>
    <camera camera_id="18">
      <photo path="../../../Time-Books/DSC_1054.tif">
        <meta>
          <property name="Exif/ApertureValue" value="6"/>
          <property name="Exif/DateTime" value="2019:06:17 16:31:41"/>
          <property name="Exif/DateTimeOriginal" value="2019:06:17 14:25:07"/>
          <property name="Exif/ExposureTime" value="0.0333333"/>
          <property name="Exif/FNumber" value="8"/>
          <property name="Exif/FocalLength" value="18"/>
          <property name="Exif/FocalLengthIn35mmFilm" value="27"/>
          <property name="Exif/ISOSpeedRatings" value="100"/>
          <property name="Exif/Make" value="NIKON CORPORATION"/>
          <property name="Exif/Model" value="NIKON D90"/>
          <property name="Exif/Orientation" value="1"/>
          <property name="Exif/ShutterSpeedValue" value="4.90689"/>
          <property name="Exif/Software" value="Adobe Photoshop CC 2018 (Macintosh)"/>
          <property name="File/ImageHeight" value="2848"/>
          <property name="File/ImageWidth" value="4288"/>
          <property name="System/FileModifyDate" value="2019:06:17 16:31:43"/>
          <property name="System/FileSize" value="85737628"/>
        </meta>
      </photo>
    </camera>
    <camera camera_id="19">
      <photo path="../../../Time-Books/DSC_1055.tif">
        <meta>
          <property name="Exif/ApertureValue" value="6"/>
          <property name="Exif/DateTime" value="2019:06:17 16:32:18"/>
          <property name="Exif/DateTimeOriginal" value="2019:06:17 14:25:16"/>
          <property name="Exif/ExposureTime" value="0.0333333"/>
          <property name="Exif/FNumber" value="8"/>
          <property name="Exif/FocalLength" value="18"/>
          <property name="Exif/FocalLengthIn35mmFilm" value="27"/>
          <property name="Exif/ISOSpeedRatings" value="100"/>
          <property name="Exif/Make" value="NIKON CORPORATION"/>
          <property name="Exif/Model" value="NIKON D90"/>
          <property name="Exif/Orientation" value="1"/>
          <property name="Exif/ShutterSpeedValue" value="4.90689"/>
          <property name="Exif/Software" value="Adobe Photoshop CC 2018 (Macintosh)"/>
          <property name="File/ImageHeight" value="2848"/>
          <property name="File/ImageWidth" value="4288"/>
          <property name="System/FileModifyDate" value="2019:06:17 16:32:21"/>
          <property name="System/FileSize" value="85738104"/>
        </meta>
      </photo>
    </camera>
    <camera camera_id="20">
      <photo path="../../../Time-Books/DSC_1056.tif">
        <meta>
          <property name="Exif/ApertureValue" value="6"/>
          <property name="Exif/DateTime" value="2019:06:17 16:34:56"/>
          <property name="Exif/DateTimeOriginal" value="2019:06:17 14:25:25"/>
          <property name="Exif/ExposureTime" value="0.0333333"/>
          <property name="Exif/FNumber" value="8"/>
          <property name="Exif/FocalLength" value="18"/>
          <property name="Exif/FocalLengthIn35mmFilm" value="27"/>
          <property name="Exif/ISOSpeedRatings" value="100"/>
          <property name="Exif/Make" value="NIKON CORPORATION"/>
          <property name="Exif/Model" value="NIKON D90"/>
          <property name="Exif/Orientation" value="1"/>
          <property name="Exif/ShutterSpeedValue" value="4.90689"/>
          <property name="Exif/Software" value="Adobe Photoshop CC 2018 (Macintosh)"/>
          <property name="File/ImageHeight" value="2848"/>
          <property name="File/ImageWidth" value="4288"/>
          <property name="System/FileModifyDate" value="2019:06:17 16:34:58"/>
          <property name="System/FileSize" value="85751552"/>
        </meta>
      </photo>
    </camera>
    <camera camera_id="21">
      <photo path="../../../Time-Books/DSC_1057.tif">
        <meta>
          <property name="Exif/ApertureValue" value="6"/>
          <property name="Exif/DateTime" value="2019:06:17 16:40:02"/>
          <property name="Exif/DateTimeOriginal" value="2019:06:17 14:25:34"/>
          <property name="Exif/ExposureTime" value="0.0333333"/>
          <property name="Exif/FNumber" value="8"/>
          <property name="Exif/FocalLength" value="18"/>
          <property name="Exif/FocalLengthIn35mmFilm" value="27"/>
          <property name="Exif/ISOSpeedRatings" value="100"/>
          <property name="Exif/Make" value="NIKON CORPORATION"/>
          <property name="Exif/Model" value="NIKON D90"/>
          <property name="Exif/Orientation" value="1"/>
          <property name="Exif/ShutterSpeedValue" value="4.90689"/>
          <property name="Exif/Software" value="Adobe Photoshop CC 2018 (Macintosh)"/>
          <property name="File/ImageHeight" value="2848"/>
          <property name="File/ImageWidth" value="4288"/>
          <property name="System/FileModifyDate" value="2019:06:17 16:40:04"/>
          <property name="System/FileSize" value="85741804"/>
        </meta>
      </photo>
    </camera>
    <camera camera_id="22">
      <photo path="../../../Time-Books/DSC_1058.tif">
        <meta>
          <property name="Exif/ApertureValue" value="6"/>
          <property name="Exif/DateTime" value="2019:06:17 16:41:50"/>
          <property name="Exif/DateTimeOriginal" value="2019:06:17 14:25:43"/>
          <property name="Exif/ExposureTime" value="0.0333333"/>
          <property name="Exif/FNumber" value="8"/>
          <property name="Exif/FocalLength" value="18"/>
          <property name="Exif/FocalLengthIn35mmFilm" value="27"/>
          <property name="Exif/ISOSpeedRatings" value="100"/>
          <property name="Exif/Make" value="NIKON CORPORATION"/>
          <property name="Exif/Model" value="NIKON D90"/>
          <property name="Exif/Orientation" value="1"/>
          <property name="Exif/ShutterSpeedValue" value="4.90689"/>
          <property name="Exif/Software" value="Adobe Photoshop CC 2018 (Macintosh)"/>
          <property name="File/ImageHeight" value="2848"/>
          <property name="File/ImageWidth" value="4288"/>
          <property name="System/FileModifyDate" value="2019:06:17 16:41:53"/>
          <property name="System/FileSize" value="85655316"/>
        </meta>
      </photo>
    </camera>
    <camera camera_id="23">
      <photo path="../../../Time-Books/DSC_1059.tif">
        <meta>
          <property name="Exif/ApertureValue" value="6"/>
          <property name="Exif/DateTime" value="2019:06:17 16:42:47"/>
          <property name="Exif/DateTimeOriginal" value="2019:06:17 14:25:57"/>
          <property name="Exif/ExposureTime" value="0.0333333"/>
          <property name="Exif/FNumber" value="8"/>
          <property name="Exif/FocalLength" value="18"/>
          <property name="Exif/FocalLengthIn35mmFilm" value="27"/>
          <property name="Exif/ISOSpeedRatings" value="100"/>
          <property name="Exif/Make" value="NIKON CORPORATION"/>
          <property name="Exif/Model" value="NIKON D90"/>
          <property name="Exif/Orientation" value="1"/>
          <property name="Exif/ShutterSpeedValue" value="4.90689"/>
          <property name="Exif/Software" value="Adobe Photoshop CC 2018 (Macintosh)"/>
          <property name="File/ImageHeight" value="2848"/>
          <property name="File/ImageWidth" value="4288"/>
          <property name="System/FileModifyDate" value="2019:06:17 16:42:50"/>
          <property name="System/FileSize" value="85785460"/>
        </meta>
      </photo>
    </camera>
    <camera camera_id="24">
      <photo path="../../../Time-Books/DSC_1060.tif">
        <meta>
          <property name="Exif/ApertureValue" value="6"/>
          <property name="Exif/DateTime" value="2019:06:18 09:14:42"/>
          <property name="Exif/DateTimeOriginal" value="2019:06:17 14:26:09"/>
          <property name="Exif/ExposureTime" value="0.0333333"/>
          <property name="Exif/FNumber" value="8"/>
          <property name="Exif/FocalLength" value="18"/>
          <property name="Exif/FocalLengthIn35mmFilm" value="27"/>
          <property name="Exif/ISOSpeedRatings" value="100"/>
          <property name="Exif/Make" value="NIKON CORPORATION"/>
          <property name="Exif/Model" value="NIKON D90"/>
          <property name="Exif/Orientation" value="1"/>
          <property name="Exif/ShutterSpeedValue" value="4.90689"/>
          <property name="Exif/Software" value="Adobe Photoshop CC 2018 (Macintosh)"/>
          <property name="File/ImageHeight" value="2848"/>
          <property name="File/ImageWidth" value="4288"/>
          <property name="System/FileModifyDate" value="2019:06:18 09:14:46"/>
          <property name="System/FileSize" value="85722720"/>
        </meta>
      </photo>
    </camera>
    <camera camera_id="25">
      <photo path="../../../Time-Books/DSC_1061.tif">
        <meta>
          <property name="Exif/ApertureValue" value="6"/>
          <property name="Exif/DateTime" value="2019:06:18 09:15:21"/>
          <property name="Exif/DateTimeOriginal" value="2019:06:17 14:26:22"/>
          <property name="Exif/ExposureTime" value="0.0333333"/>
          <property name="Exif/FNumber" value="8"/>
          <property name="Exif/FocalLength" value="18"/>
          <property name="Exif/FocalLengthIn35mmFilm" value="27"/>
          <property name="Exif/ISOSpeedRatings" value="100"/>
          <property name="Exif/Make" value="NIKON CORPORATION"/>
          <property name="Exif/Model" value="NIKON D90"/>
          <property name="Exif/Orientation" value="1"/>
          <property name="Exif/ShutterSpeedValue" value="4.90689"/>
          <property name="Exif/Software" value="Adobe Photoshop CC 2018 (Macintosh)"/>
          <property name="File/ImageHeight" value="2848"/>
          <property name="File/ImageWidth" value="4288"/>
          <property name="System/FileModifyDate" value="2019:06:18 09:15:24"/>
          <property name="System/FileSize" value="85784388"/>
        </meta>
      </photo>
    </camera>
    <camera camera_id="26">
      <photo path="../../../Time-Books/DSC_1062.tif">
        <meta>
          <property name="Exif/ApertureValue" value="6"/>
          <property name="Exif/DateTime" value="2019:06:18 09:16:21"/>
          <property name="Exif/DateTimeOriginal" value="2019:06:17 14:26:33"/>
          <property name="Exif/ExposureTime" value="0.0333333"/>
          <property name="Exif/FNumber" value="8"/>
          <property name="Exif/FocalLength" value="18"/>
          <property name="Exif/FocalLengthIn35mmFilm" value="27"/>
          <property name="Exif/ISOSpeedRatings" value="100"/>
          <property name="Exif/Make" value="NIKON CORPORATION"/>
          <property name="Exif/Model" value="NIKON D90"/>
          <property name="Exif/Orientation" value="1"/>
          <property name="Exif/ShutterSpeedValue" value="4.90689"/>
          <property name="Exif/Software" value="Adobe Photoshop CC 2018 (Macintosh)"/>
          <property name="File/ImageHeight" value="2848"/>
          <property name="File/ImageWidth" value="4288"/>
          <property name="System/FileModifyDate" value="2019:06:18 09:16:26"/>
          <property name="System/FileSize" value="85780936"/>
        </meta>
      </photo>
    </camera>
    <camera camera_id="27">
      <photo path="../../../Time-Books/DSC_1063.tif">
        <meta>
          <property name="Exif/ApertureValue" value="6"/>
          <property name="Exif/DateTime" value="2019:06:18 09:21:30"/>
          <property name="Exif/DateTimeOriginal" value="2019:06:17 14:26:46"/>
          <property name="Exif/ExposureTime" value="0.0333333"/>
          <property name="Exif/FNumber" value="8"/>
          <property name="Exif/FocalLength" value="18"/>
          <property name="Exif/FocalLengthIn35mmFilm" value="27"/>
          <property name="Exif/ISOSpeedRatings" value="100"/>
          <property name="Exif/Make" value="NIKON CORPORATION"/>
          <property name="Exif/Model" value="NIKON D90"/>
          <property name="Exif/Orientation" value="1"/>
          <property name="Exif/ShutterSpeedValue" value="4.90689"/>
          <property name="Exif/Software" value="Adobe Photoshop CC 2018 (Macintosh)"/>
          <property name="File/ImageHeight" value="2848"/>
          <property name="File/ImageWidth" value="4288"/>
          <property name="System/FileModifyDate" value="2019:06:18 09:21:32"/>
          <property name="System/FileSize" value="85770508"/>
        </meta>
      </photo>
    </camera>
    <camera camera_id="28">
      <photo path="../../../Time-Books/DSC_1064.tif">
        <meta>
          <property name="Exif/ApertureValue" value="6"/>
          <property name="Exif/DateTime" value="2019:06:18 09:25:38"/>
          <property name="Exif/DateTimeOriginal" value="2019:06:17 14:26:58"/>
          <property name="Exif/ExposureTime" value="0.0333333"/>
          <property name="Exif/FNumber" value="8"/>
          <property name="Exif/FocalLength" value="18"/>
          <property name="Exif/FocalLengthIn35mmFilm" value="27"/>
          <property name="Exif/ISOSpeedRatings" value="100"/>
          <property name="Exif/Make" value="NIKON CORPORATION"/>
          <property name="Exif/Model" value="NIKON D90"/>
          <property name="Exif/Orientation" value="1"/>
          <property name="Exif/ShutterSpeedValue" value="4.90689"/>
          <property name="Exif/Software" value="Adobe Photoshop CC 2018 (Macintosh)"/>
          <property name="File/ImageHeight" value="2848"/>
          <property name="File/ImageWidth" value="4288"/>
          <property name="System/FileModifyDate" value="2019:06:18 09:25:42"/>
          <property name="System/FileSize" value="85740616"/>
        </meta>
      </photo>
    </camera>
    <camera camera_id="29">
      <photo path="../../../Time-Books/DSC_1065.tif">
        <meta>
          <property name="Exif/ApertureValue" value="6"/>
          <property name="Exif/DateTime" value="2019:06:18 09:30:17"/>
          <property name="Exif/DateTimeOriginal" value="2019:06:17 14:27:11"/>
          <property name="Exif/ExposureTime" value="0.0333333"/>
          <property name="Exif/FNumber" value="8"/>
          <property name="Exif/FocalLength" value="18"/>
          <property name="Exif/FocalLengthIn35mmFilm" value="27"/>
          <property name="Exif/ISOSpeedRatings" value="100"/>
          <property name="Exif/Make" value="NIKON CORPORATION"/>
          <property name="Exif/Model" value="NIKON D90"/>
          <property name="Exif/Orientation" value="1"/>
          <property name="Exif/ShutterSpeedValue" value="4.90689"/>
          <property name="Exif/Software" value="Adobe Photoshop CC 2018 (Macintosh)"/>
          <property name="File/ImageHeight" value="2848"/>
          <property name="File/ImageWidth" value="4288"/>
          <property name="System/FileModifyDate" value="2019:06:18 09:30:19"/>
          <property name="System/FileSize" value="85750084"/>
        </meta>
      </photo>
    </camera>
    <camera camera_id="30">
      <photo path="../../../Time-Books/DSC_1066.tif">
        <meta>
          <property name="Exif/ApertureValue" value="6"/>
          <property name="Exif/DateTime" value="2019:06:18 09:31:00"/>
          <property name="Exif/DateTimeOriginal" value="2019:06:17 14:27:22"/>
          <property name="Exif/ExposureTime" value="0.0333333"/>
          <property name="Exif/FNumber" value="8"/>
          <property name="Exif/FocalLength" value="18"/>
          <property name="Exif/FocalLengthIn35mmFilm" value="27"/>
          <property name="Exif/ISOSpeedRatings" value="100"/>
          <property name="Exif/Make" value="NIKON CORPORATION"/>
          <property name="Exif/Model" value="NIKON D90"/>
          <property name="Exif/Orientation" value="1"/>
          <property name="Exif/ShutterSpeedValue" value="4.90689"/>
          <property name="Exif/Software" value="Adobe Photoshop CC 2018 (Macintosh)"/>
          <property name="File/ImageHeight" value="2848"/>
          <property name="File/ImageWidth" value="4288"/>
          <property name="System/FileModifyDate" value="2019:06:18 09:31:02"/>
          <property name="System/FileSize" value="85765476"/>
        </meta>
      </photo>
    </camera>
    <camera camera_id="31">
      <photo path="../../../Time-Books/DSC_1067.tif">
        <meta>
          <property name="Exif/ApertureValue" value="6"/>
          <property name="Exif/DateTime" value="2019:06:18 09:31:39"/>
          <property name="Exif/DateTimeOriginal" value="2019:06:17 14:27:33"/>
          <property name="Exif/ExposureTime" value="0.0333333"/>
          <property name="Exif/FNumber" value="8"/>
          <property name="Exif/FocalLength" value="18"/>
          <property name="Exif/FocalLengthIn35mmFilm" value="27"/>
          <property name="Exif/ISOSpeedRatings" value="100"/>
          <property name="Exif/Make" value="NIKON CORPORATION"/>
          <property name="Exif/Model" value="NIKON D90"/>
          <property name="Exif/Orientation" value="1"/>
          <property name="Exif/ShutterSpeedValue" value="4.90689"/>
          <property name="Exif/Software" value="Adobe Photoshop CC 2018 (Macintosh)"/>
          <property name="File/ImageHeight" value="2848"/>
          <property name="File/ImageWidth" value="4288"/>
          <property name="System/FileModifyDate" value="2019:06:18 09:31:42"/>
          <property name="System/FileSize" value="85749216"/>
        </meta>
      </photo>
    </camera>
    <camera camera_id="32">
      <photo path="../../../Time-Books/DSC_1068.tif">
        <meta>
          <property name="Exif/ApertureValue" value="6"/>
          <property name="Exif/DateTime" value="2019:06:18 09:32:08"/>
          <property name="Exif/DateTimeOriginal" value="2019:06:17 14:28:21"/>
          <property name="Exif/ExposureTime" value="0.0333333"/>
          <property name="Exif/FNumber" value="8"/>
          <property name="Exif/FocalLength" value="18"/>
          <property name="Exif/FocalLengthIn35mmFilm" value="27"/>
          <property name="Exif/ISOSpeedRatings" value="100"/>
          <property name="Exif/Make" value="NIKON CORPORATION"/>
          <property name="Exif/Model" value="NIKON D90"/>
          <property name="Exif/Orientation" value="1"/>
          <property name="Exif/ShutterSpeedValue" value="4.90689"/>
          <property name="Exif/Software" value="Adobe Photoshop CC 2018 (Macintosh)"/>
          <property name="File/ImageHeight" value="2848"/>
          <property name="File/ImageWidth" value="4288"/>
          <property name="System/FileModifyDate" value="2019:06:18 09:32:10"/>
          <property name="System/FileSize" value="85765460"/>
        </meta>
      </photo>
    </camera>
    <camera camera_id="33">
      <photo path="../../../Time-Books/DSC_1069.tif">
        <meta>
          <property name="Exif/ApertureValue" value="6"/>
          <property name="Exif/DateTime" value="2019:06:18 09:32:30"/>
          <property name="Exif/DateTimeOriginal" value="2019:06:17 14:28:55"/>
          <property name="Exif/ExposureTime" value="0.0333333"/>
          <property name="Exif/FNumber" value="8"/>
          <property name="Exif/FocalLength" value="18"/>
          <property name="Exif/FocalLengthIn35mmFilm" value="27"/>
          <property name="Exif/ISOSpeedRatings" value="100"/>
          <property name="Exif/Make" value="NIKON CORPORATION"/>
          <property name="Exif/Model" value="NIKON D90"/>
          <property name="Exif/Orientation" value="1"/>
          <property name="Exif/ShutterSpeedValue" value="4.90689"/>
          <property name="Exif/Software" value="Adobe Photoshop CC 2018 (Macintosh)"/>
          <property name="File/ImageHeight" value="2848"/>
          <property name="File/ImageWidth" value="4288"/>
          <property name="System/FileModifyDate" value="2019:06:18 09:32:33"/>
          <property name="System/FileSize" value="85777248"/>
        </meta>
      </photo>
    </camera>
    <camera camera_id="34">
      <photo path="../../../Time-Books/DSC_1070.tif">
        <meta>
          <property name="Exif/ApertureValue" value="6"/>
          <property name="Exif/DateTime" value="2019:06:18 09:33:00"/>
          <property name="Exif/DateTimeOriginal" value="2019:06:17 14:29:21"/>
          <property name="Exif/ExposureTime" value="0.0333333"/>
          <property name="Exif/FNumber" value="8"/>
          <property name="Exif/FocalLength" value="18"/>
          <property name="Exif/FocalLengthIn35mmFilm" value="27"/>
          <property name="Exif/ISOSpeedRatings" value="100"/>
          <property name="Exif/Make" value="NIKON CORPORATION"/>
          <property name="Exif/Model" value="NIKON D90"/>
          <property name="Exif/Orientation" value="1"/>
          <property name="Exif/ShutterSpeedValue" value="4.90689"/>
          <property name="Exif/Software" value="Adobe Photoshop CC 2018 (Macintosh)"/>
          <property name="File/ImageHeight" value="2848"/>
          <property name="File/ImageWidth" value="4288"/>
          <property name="System/FileModifyDate" value="2019:06:18 09:33:04"/>
          <property name="System/FileSize" value="85772336"/>
        </meta>
      </photo>
    </camera>
    <camera camera_id="35">
      <photo path="../../../Time-Books/DSC_1071.tif">
        <meta>
          <property name="Exif/ApertureValue" value="6"/>
          <property name="Exif/DateTime" value="2019:06:18 09:34:12"/>
          <property name="Exif/DateTimeOriginal" value="2019:06:17 14:29:29"/>
          <property name="Exif/ExposureTime" value="0.0333333"/>
          <property name="Exif/FNumber" value="8"/>
          <property name="Exif/FocalLength" value="18"/>
          <property name="Exif/FocalLengthIn35mmFilm" value="27"/>
          <property name="Exif/ISOSpeedRatings" value="100"/>
          <property name="Exif/Make" value="NIKON CORPORATION"/>
          <property name="Exif/Model" value="NIKON D90"/>
          <property name="Exif/Orientation" value="1"/>
          <property name="Exif/ShutterSpeedValue" value="4.90689"/>
          <property name="Exif/Software" value="Adobe Photoshop CC 2018 (Macintosh)"/>
          <property name="File/ImageHeight" value="2848"/>
          <property name="File/ImageWidth" value="4288"/>
          <property name="System/FileModifyDate" value="2019:06:18 09:34:14"/>
          <property name="System/FileSize" value="85647236"/>
        </meta>
      </photo>
    </camera>
    <camera camera_id="36">
      <photo path="../../../Time-Books/DSC_1072.tif">
        <meta>
          <property name="Exif/ApertureValue" value="6"/>
          <property name="Exif/DateTime" value="2019:06:18 09:40:12"/>
          <property name="Exif/DateTimeOriginal" value="2019:06:17 14:29:36"/>
          <property name="Exif/ExposureTime" value="0.0333333"/>
          <property name="Exif/FNumber" value="8"/>
          <property name="Exif/FocalLength" value="18"/>
          <property name="Exif/FocalLengthIn35mmFilm" value="27"/>
          <property name="Exif/ISOSpeedRatings" value="100"/>
          <property name="Exif/Make" value="NIKON CORPORATION"/>
          <property name="Exif/Model" value="NIKON D90"/>
          <property name="Exif/Orientation" value="1"/>
          <property name="Exif/ShutterSpeedValue" value="4.90689"/>
          <property name="Exif/Software" value="Adobe Photoshop CC 2018 (Macintosh)"/>
          <property name="File/ImageHeight" value="2848"/>
          <property name="File/ImageWidth" value="4288"/>
          <property name="System/FileModifyDate" value="2019:06:18 09:40:14"/>
          <property name="System/FileSize" value="85787508"/>
        </meta>
      </photo>
    </camera>
    <camera camera_id="37">
      <photo path="../../../Time-Books/DSC_1073.tif">
        <meta>
          <property name="Exif/ApertureValue" value="6"/>
          <property name="Exif/DateTime" value="2019:06:18 09:46:00"/>
          <property name="Exif/DateTimeOriginal" value="2019:06:17 14:29:45"/>
          <property name="Exif/ExposureTime" value="0.0333333"/>
          <property name="Exif/FNumber" value="8"/>
          <property name="Exif/FocalLength" value="18"/>
          <property name="Exif/FocalLengthIn35mmFilm" value="27"/>
          <property name="Exif/ISOSpeedRatings" value="100"/>
          <property name="Exif/Make" value="NIKON CORPORATION"/>
          <property name="Exif/Model" value="NIKON D90"/>
          <property name="Exif/Orientation" value="1"/>
          <property name="Exif/ShutterSpeedValue" value="4.90689"/>
          <property name="Exif/Software" value="Adobe Photoshop CC 2018 (Macintosh)"/>
          <property name="File/ImageHeight" value="2848"/>
          <property name="File/ImageWidth" value="4288"/>
          <property name="System/FileModifyDate" value="2019:06:18 09:46:04"/>
          <property name="System/FileSize" value="85774760"/>
        </meta>
      </photo>
    </camera>
    <camera camera_id="38">
      <photo path="../../../Time-Books/DSC_1074.tif">
        <meta>
          <property name="Exif/ApertureValue" value="6"/>
          <property name="Exif/DateTime" value="2019:06:18 09:48:57"/>
          <property name="Exif/DateTimeOriginal" value="2019:06:17 14:29:54"/>
          <property name="Exif/ExposureTime" value="0.0333333"/>
          <property name="Exif/FNumber" value="8"/>
          <property name="Exif/FocalLength" value="18"/>
          <property name="Exif/FocalLengthIn35mmFilm" value="27"/>
          <property name="Exif/ISOSpeedRatings" value="100"/>
          <property name="Exif/Make" value="NIKON CORPORATION"/>
          <property name="Exif/Model" value="NIKON D90"/>
          <property name="Exif/Orientation" value="1"/>
          <property name="Exif/ShutterSpeedValue" value="4.90689"/>
          <property name="Exif/Software" value="Adobe Photoshop CC 2018 (Macintosh)"/>
          <property name="File/ImageHeight" value="2848"/>
          <property name="File/ImageWidth" value="4288"/>
          <property name="System/FileModifyDate" value="2019:06:18 09:48:59"/>
          <property name="System/FileSize" value="85790632"/>
        </meta>
      </photo>
    </camera>
    <camera camera_id="39">
      <photo path="../../../Time-Books/DSC_1075.tif">
        <meta>
          <property name="Exif/ApertureValue" value="6"/>
          <property name="Exif/DateTime" value="2019:06:18 09:50:07"/>
          <property name="Exif/DateTimeOriginal" value="2019:06:17 14:30:03"/>
          <property name="Exif/ExposureTime" value="0.0333333"/>
          <property name="Exif/FNumber" value="8"/>
          <property name="Exif/FocalLength" value="18"/>
          <property name="Exif/FocalLengthIn35mmFilm" value="27"/>
          <property name="Exif/ISOSpeedRatings" value="100"/>
          <property name="Exif/Make" value="NIKON CORPORATION"/>
          <property name="Exif/Model" value="NIKON D90"/>
          <property name="Exif/Orientation" value="1"/>
          <property name="Exif/ShutterSpeedValue" value="4.90689"/>
          <property name="Exif/Software" value="Adobe Photoshop CC 2018 (Macintosh)"/>
          <property name="File/ImageHeight" value="2848"/>
          <property name="File/ImageWidth" value="4288"/>
          <property name="System/FileModifyDate" value="2019:06:18 09:50:10"/>
          <property name="System/FileSize" value="85808452"/>
        </meta>
      </photo>
    </camera>
    <camera camera_id="40">
      <photo path="../../../Time-Books/DSC_1076.tif">
        <meta>
          <property name="Exif/ApertureValue" value="6"/>
          <property name="Exif/DateTime" value="2019:06:18 09:50:51"/>
          <property name="Exif/DateTimeOriginal" value="2019:06:17 14:30:12"/>
          <property name="Exif/ExposureTime" value="0.0333333"/>
          <property name="Exif/FNumber" value="8"/>
          <property name="Exif/FocalLength" value="18"/>
          <property name="Exif/FocalLengthIn35mmFilm" value="27"/>
          <property name="Exif/ISOSpeedRatings" value="100"/>
          <property name="Exif/Make" value="NIKON CORPORATION"/>
          <property name="Exif/Model" value="NIKON D90"/>
          <property name="Exif/Orientation" value="1"/>
          <property name="Exif/ShutterSpeedValue" value="4.90689"/>
          <property name="Exif/Software" value="Adobe Photoshop CC 2018 (Macintosh)"/>
          <property name="File/ImageHeight" value="2848"/>
          <property name="File/ImageWidth" value="4288"/>
          <property name="System/FileModifyDate" value="2019:06:18 09:50:58"/>
          <property name="System/FileSize" value="85694636"/>
        </meta>
      </photo>
    </camera>
    <camera camera_id="41">
      <photo path="../../../Time-Books/DSC_1077.tif">
        <meta>
          <property name="Exif/ApertureValue" value="6"/>
          <property name="Exif/DateTime" value="2019:06:18 09:51:30"/>
          <property name="Exif/DateTimeOriginal" value="2019:06:17 14:30:21"/>
          <property name="Exif/ExposureTime" value="0.0333333"/>
          <property name="Exif/FNumber" value="8"/>
          <property name="Exif/FocalLength" value="18"/>
          <property name="Exif/FocalLengthIn35mmFilm" value="27"/>
          <property name="Exif/ISOSpeedRatings" value="100"/>
          <property name="Exif/Make" value="NIKON CORPORATION"/>
          <property name="Exif/Model" value="NIKON D90"/>
          <property name="Exif/Orientation" value="1"/>
          <property name="Exif/ShutterSpeedValue" value="4.90689"/>
          <property name="Exif/Software" value="Adobe Photoshop CC 2018 (Macintosh)"/>
          <property name="File/ImageHeight" value="2848"/>
          <property name="File/ImageWidth" value="4288"/>
          <property name="System/FileModifyDate" value="2019:06:18 09:51:33"/>
          <property name="System/FileSize" value="85809536"/>
        </meta>
      </photo>
    </camera>
    <camera camera_id="42">
      <photo path="../../../Time-Books/DSC_1078.tif">
        <meta>
          <property name="Exif/ApertureValue" value="6"/>
          <property name="Exif/DateTime" value="2019:06:18 09:54:35"/>
          <property name="Exif/DateTimeOriginal" value="2019:06:17 14:30:28"/>
          <property name="Exif/ExposureTime" value="0.0333333"/>
          <property name="Exif/FNumber" value="8"/>
          <property name="Exif/FocalLength" value="18"/>
          <property name="Exif/FocalLengthIn35mmFilm" value="27"/>
          <property name="Exif/ISOSpeedRatings" value="100"/>
          <property name="Exif/Make" value="NIKON CORPORATION"/>
          <property name="Exif/Model" value="NIKON D90"/>
          <property name="Exif/Orientation" value="1"/>
          <property name="Exif/ShutterSpeedValue" value="4.90689"/>
          <property name="Exif/Software" value="Adobe Photoshop CC 2018 (Macintosh)"/>
          <property name="File/ImageHeight" value="2848"/>
          <property name="File/ImageWidth" value="4288"/>
          <property name="System/FileModifyDate" value="2019:06:18 09:54:38"/>
          <property name="System/FileSize" value="85797932"/>
        </meta>
      </photo>
    </camera>
    <camera camera_id="43">
      <photo path="../../../Time-Books/DSC_1079.tif">
        <meta>
          <property name="Exif/ApertureValue" value="6"/>
          <property name="Exif/DateTime" value="2019:06:18 09:56:14"/>
          <property name="Exif/DateTimeOriginal" value="2019:06:17 14:30:37"/>
          <property name="Exif/ExposureTime" value="0.0333333"/>
          <property name="Exif/FNumber" value="8"/>
          <property name="Exif/FocalLength" value="18"/>
          <property name="Exif/FocalLengthIn35mmFilm" value="27"/>
          <property name="Exif/ISOSpeedRatings" value="100"/>
          <property name="Exif/Make" value="NIKON CORPORATION"/>
          <property name="Exif/Model" value="NIKON D90"/>
          <property name="Exif/Orientation" value="1"/>
          <property name="Exif/ShutterSpeedValue" value="4.90689"/>
          <property name="Exif/Software" value="Adobe Photoshop CC 2018 (Macintosh)"/>
          <property name="File/ImageHeight" value="2848"/>
          <property name="File/ImageWidth" value="4288"/>
          <property name="System/FileModifyDate" value="2019:06:18 09:56:17"/>
          <property name="System/FileSize" value="85795708"/>
        </meta>
      </photo>
    </camera>
    <camera camera_id="44">
      <photo path="../../../Time-Books/DSC_1080.tif">
        <meta>
          <property name="Exif/ApertureValue" value="6"/>
          <property name="Exif/DateTime" value="2019:06:18 10:00:42"/>
          <property name="Exif/DateTimeOriginal" value="2019:06:17 14:30:45"/>
          <property name="Exif/ExposureTime" value="0.0333333"/>
          <property name="Exif/FNumber" value="8"/>
          <property name="Exif/FocalLength" value="18"/>
          <property name="Exif/FocalLengthIn35mmFilm" value="27"/>
          <property name="Exif/ISOSpeedRatings" value="100"/>
          <property name="Exif/Make" value="NIKON CORPORATION"/>
          <property name="Exif/Model" value="NIKON D90"/>
          <property name="Exif/Orientation" value="1"/>
          <property name="Exif/ShutterSpeedValue" value="4.90689"/>
          <property name="Exif/Software" value="Adobe Photoshop CC 2018 (Macintosh)"/>
          <property name="File/ImageHeight" value="2848"/>
          <property name="File/ImageWidth" value="4288"/>
          <property name="System/FileModifyDate" value="2019:06:18 10:00:45"/>
          <property name="System/FileSize" value="85784780"/>
        </meta>
      </photo>
    </camera>
    <camera camera_id="45">
      <photo path="../../../Time-Books/DSC_1081.tif">
        <meta>
          <property name="Exif/ApertureValue" value="6"/>
          <property name="Exif/DateTime" value="2019:06:18 10:05:44"/>
          <property name="Exif/DateTimeOriginal" value="2019:06:17 14:30:52"/>
          <property name="Exif/ExposureTime" value="0.0333333"/>
          <property name="Exif/FNumber" value="8"/>
          <property name="Exif/FocalLength" value="18"/>
          <property name="Exif/FocalLengthIn35mmFilm" value="27"/>
          <property name="Exif/ISOSpeedRatings" value="100"/>
          <property name="Exif/Make" value="NIKON CORPORATION"/>
          <property name="Exif/Model" value="NIKON D90"/>
          <property name="Exif/Orientation" value="1"/>
          <property name="Exif/ShutterSpeedValue" value="4.90689"/>
          <property name="Exif/Software" value="Adobe Photoshop CC 2018 (Macintosh)"/>
          <property name="File/ImageHeight" value="2848"/>
          <property name="File/ImageWidth" value="4288"/>
          <property name="System/FileModifyDate" value="2019:06:18 10:05:47"/>
          <property name="System/FileSize" value="85787376"/>
        </meta>
      </photo>
    </camera>
    <camera camera_id="46">
      <photo path="../../../Time-Books/DSC_1082.tif">
        <meta>
          <property name="Exif/ApertureValue" value="6"/>
          <property name="Exif/DateTime" value="2019:06:18 10:06:32"/>
          <property name="Exif/DateTimeOriginal" value="2019:06:17 14:31:03"/>
          <property name="Exif/ExposureTime" value="0.0333333"/>
          <property name="Exif/FNumber" value="8"/>
          <property name="Exif/FocalLength" value="18"/>
          <property name="Exif/FocalLengthIn35mmFilm" value="27"/>
          <property name="Exif/ISOSpeedRatings" value="100"/>
          <property name="Exif/Make" value="NIKON CORPORATION"/>
          <property name="Exif/Model" value="NIKON D90"/>
          <property name="Exif/Orientation" value="1"/>
          <property name="Exif/ShutterSpeedValue" value="4.90689"/>
          <property name="Exif/Software" value="Adobe Photoshop CC 2018 (Macintosh)"/>
          <property name="File/ImageHeight" value="2848"/>
          <property name="File/ImageWidth" value="4288"/>
          <property name="System/FileModifyDate" value="2019:06:18 10:06:35"/>
          <property name="System/FileSize" value="85793948"/>
        </meta>
      </photo>
    </camera>
    <camera camera_id="47">
      <photo path="../../../Time-Books/DSC_1083.tif">
        <meta>
          <property name="Exif/ApertureValue" value="6"/>
          <property name="Exif/DateTime" value="2019:06:18 10:07:17"/>
          <property name="Exif/DateTimeOriginal" value="2019:06:17 14:31:11"/>
          <property name="Exif/ExposureTime" value="0.0333333"/>
          <property name="Exif/FNumber" value="8"/>
          <property name="Exif/FocalLength" value="18"/>
          <property name="Exif/FocalLengthIn35mmFilm" value="27"/>
          <property name="Exif/ISOSpeedRatings" value="100"/>
          <property name="Exif/Make" value="NIKON CORPORATION"/>
          <property name="Exif/Model" value="NIKON D90"/>
          <property name="Exif/Orientation" value="1"/>
          <property name="Exif/ShutterSpeedValue" value="4.90689"/>
          <property name="Exif/Software" value="Adobe Photoshop CC 2018 (Macintosh)"/>
          <property name="File/ImageHeight" value="2848"/>
          <property name="File/ImageWidth" value="4288"/>
          <property name="System/FileModifyDate" value="2019:06:18 10:07:19"/>
          <property name="System/FileSize" value="85788280"/>
        </meta>
      </photo>
    </camera>
    <camera camera_id="48">
      <photo path="../../../Time-Books/DSC_1084.tif">
        <meta>
          <property name="Exif/ApertureValue" value="6"/>
          <property name="Exif/DateTime" value="2019:06:18 10:07:43"/>
          <property name="Exif/DateTimeOriginal" value="2019:06:17 14:32:53"/>
          <property name="Exif/ExposureTime" value="0.0333333"/>
          <property name="Exif/FNumber" value="8"/>
          <property name="Exif/FocalLength" value="18"/>
          <property name="Exif/FocalLengthIn35mmFilm" value="27"/>
          <property name="Exif/ISOSpeedRatings" value="100"/>
          <property name="Exif/Make" value="NIKON CORPORATION"/>
          <property name="Exif/Model" value="NIKON D90"/>
          <property name="Exif/Orientation" value="1"/>
          <property name="Exif/ShutterSpeedValue" value="4.90689"/>
          <property name="Exif/Software" value="Adobe Photoshop CC 2018 (Macintosh)"/>
          <property name="File/ImageHeight" value="2848"/>
          <property name="File/ImageWidth" value="4288"/>
          <property name="System/FileModifyDate" value="2019:06:18 10:07:45"/>
          <property name="System/FileSize" value="85724696"/>
        </meta>
      </photo>
    </camera>
    <camera camera_id="49">
      <photo path="../../../Time-Books/DSC_1085.tif">
        <meta>
          <property name="Exif/ApertureValue" value="6"/>
          <property name="Exif/DateTime" value="2019:06:18 10:08:05"/>
          <property name="Exif/DateTimeOriginal" value="2019:06:17 14:33:03"/>
          <property name="Exif/ExposureTime" value="0.0333333"/>
          <property name="Exif/FNumber" value="8"/>
          <property name="Exif/FocalLength" value="18"/>
          <property name="Exif/FocalLengthIn35mmFilm" value="27"/>
          <property name="Exif/ISOSpeedRatings" value="100"/>
          <property name="Exif/Make" value="NIKON CORPORATION"/>
          <property name="Exif/Model" value="NIKON D90"/>
          <property name="Exif/Orientation" value="1"/>
          <property name="Exif/ShutterSpeedValue" value="4.90689"/>
          <property name="Exif/Software" value="Adobe Photoshop CC 2018 (Macintosh)"/>
          <property name="File/ImageHeight" value="2848"/>
          <property name="File/ImageWidth" value="4288"/>
          <property name="System/FileModifyDate" value="2019:06:18 10:08:07"/>
          <property name="System/FileSize" value="85710240"/>
        </meta>
      </photo>
    </camera>
    <camera camera_id="50">
      <photo path="../../../Time-Books/DSC_1086.tif">
        <meta>
          <property name="Exif/ApertureValue" value="6"/>
          <property name="Exif/DateTime" value="2019:06:18 10:09:14"/>
          <property name="Exif/DateTimeOriginal" value="2019:06:17 14:33:10"/>
          <property name="Exif/ExposureTime" value="0.0333333"/>
          <property name="Exif/FNumber" value="8"/>
          <property name="Exif/FocalLength" value="18"/>
          <property name="Exif/FocalLengthIn35mmFilm" value="27"/>
          <property name="Exif/ISOSpeedRatings" value="100"/>
          <property name="Exif/Make" value="NIKON CORPORATION"/>
          <property name="Exif/Model" value="NIKON D90"/>
          <property name="Exif/Orientation" value="1"/>
          <property name="Exif/ShutterSpeedValue" value="4.90689"/>
          <property name="Exif/Software" value="Adobe Photoshop CC 2018 (Macintosh)"/>
          <property name="File/ImageHeight" value="2848"/>
          <property name="File/ImageWidth" value="4288"/>
          <property name="System/FileModifyDate" value="2019:06:18 10:09:16"/>
          <property name="System/FileSize" value="85736796"/>
        </meta>
      </photo>
    </camera>
    <camera camera_id="51">
      <photo path="../../../Time-Books/DSC_1087.tif">
        <meta>
          <property name="Exif/ApertureValue" value="6"/>
          <property name="Exif/DateTime" value="2019:06:18 10:09:52"/>
          <property name="Exif/DateTimeOriginal" value="2019:06:17 14:33:18"/>
          <property name="Exif/ExposureTime" value="0.0333333"/>
          <property name="Exif/FNumber" value="8"/>
          <property name="Exif/FocalLength" value="18"/>
          <property name="Exif/FocalLengthIn35mmFilm" value="27"/>
          <property name="Exif/ISOSpeedRatings" value="100"/>
          <property name="Exif/Make" value="NIKON CORPORATION"/>
          <property name="Exif/Model" value="NIKON D90"/>
          <property name="Exif/Orientation" value="1"/>
          <property name="Exif/ShutterSpeedValue" value="4.90689"/>
          <property name="Exif/Software" value="Adobe Photoshop CC 2018 (Macintosh)"/>
          <property name="File/ImageHeight" value="2848"/>
          <property name="File/ImageWidth" value="4288"/>
          <property name="System/FileModifyDate" value="2019:06:18 10:09:55"/>
          <property name="System/FileSize" value="85750336"/>
        </meta>
      </photo>
    </camera>
    <camera camera_id="52">
      <photo path="../../../Time-Books/DSC_1088.tif">
        <meta>
          <property name="Exif/ApertureValue" value="6"/>
          <property name="Exif/DateTime" value="2019:06:18 10:11:45"/>
          <property name="Exif/DateTimeOriginal" value="2019:06:17 14:33:29"/>
          <property name="Exif/ExposureTime" value="0.0333333"/>
          <property name="Exif/FNumber" value="8"/>
          <property name="Exif/FocalLength" value="18"/>
          <property name="Exif/FocalLengthIn35mmFilm" value="27"/>
          <property name="Exif/ISOSpeedRatings" value="100"/>
          <property name="Exif/Make" value="NIKON CORPORATION"/>
          <property name="Exif/Model" value="NIKON D90"/>
          <property name="Exif/Orientation" value="1"/>
          <property name="Exif/ShutterSpeedValue" value="4.90689"/>
          <property name="Exif/Software" value="Adobe Photoshop CC 2018 (Macintosh)"/>
          <property name="File/ImageHeight" value="2848"/>
          <property name="File/ImageWidth" value="4288"/>
          <property name="System/FileModifyDate" value="2019:06:18 10:11:48"/>
          <property name="System/FileSize" value="85743836"/>
        </meta>
      </photo>
    </camera>
    <camera camera_id="53">
      <photo path="../../../Time-Books/DSC_1089.tif">
        <meta>
          <property name="Exif/ApertureValue" value="6"/>
          <property name="Exif/DateTime" value="2019:06:18 10:15:58"/>
          <property name="Exif/DateTimeOriginal" value="2019:06:17 14:33:39"/>
          <property name="Exif/ExposureTime" value="0.0333333"/>
          <property name="Exif/FNumber" value="8"/>
          <property name="Exif/FocalLength" value="18"/>
          <property name="Exif/FocalLengthIn35mmFilm" value="27"/>
          <property name="Exif/ISOSpeedRatings" value="100"/>
          <property name="Exif/Make" value="NIKON CORPORATION"/>
          <property name="Exif/Model" value="NIKON D90"/>
          <property name="Exif/Orientation" value="1"/>
          <property name="Exif/ShutterSpeedValue" value="4.90689"/>
          <property name="Exif/Software" value="Adobe Photoshop CC 2018 (Macintosh)"/>
          <property name="File/ImageHeight" value="2848"/>
          <property name="File/ImageWidth" value="4288"/>
          <property name="System/FileModifyDate" value="2019:06:18 10:16:01"/>
          <property name="System/FileSize" value="85742484"/>
        </meta>
      </photo>
    </camera>
    <camera camera_id="54">
      <photo path="../../../Time-Books/DSC_1090.tif">
        <meta>
          <property name="Exif/ApertureValue" value="6"/>
          <property name="Exif/DateTime" value="2019:06:18 10:18:10"/>
          <property name="Exif/DateTimeOriginal" value="2019:06:17 14:33:48"/>
          <property name="Exif/ExposureTime" value="0.0333333"/>
          <property name="Exif/FNumber" value="8"/>
          <property name="Exif/FocalLength" value="18"/>
          <property name="Exif/FocalLengthIn35mmFilm" value="27"/>
          <property name="Exif/ISOSpeedRatings" value="100"/>
          <property name="Exif/Make" value="NIKON CORPORATION"/>
          <property name="Exif/Model" value="NIKON D90"/>
          <property name="Exif/Orientation" value="1"/>
          <property name="Exif/ShutterSpeedValue" value="4.90689"/>
          <property name="Exif/Software" value="Adobe Photoshop CC 2018 (Macintosh)"/>
          <property name="File/ImageHeight" value="2848"/>
          <property name="File/ImageWidth" value="4288"/>
          <property name="System/FileModifyDate" value="2019:06:18 10:18:12"/>
          <property name="System/FileSize" value="85731484"/>
        </meta>
      </photo>
    </camera>
    <camera camera_id="55">
      <photo path="../../../Time-Books/DSC_1091.tif">
        <meta>
          <property name="Exif/ApertureValue" value="6"/>
          <property name="Exif/DateTime" value="2019:06:18 10:19:01"/>
          <property name="Exif/DateTimeOriginal" value="2019:06:17 14:34:00"/>
          <property name="Exif/ExposureTime" value="0.0333333"/>
          <property name="Exif/FNumber" value="8"/>
          <property name="Exif/FocalLength" value="18"/>
          <property name="Exif/FocalLengthIn35mmFilm" value="27"/>
          <property name="Exif/ISOSpeedRatings" value="100"/>
          <property name="Exif/Make" value="NIKON CORPORATION"/>
          <property name="Exif/Model" value="NIKON D90"/>
          <property name="Exif/Orientation" value="1"/>
          <property name="Exif/ShutterSpeedValue" value="4.90689"/>
          <property name="Exif/Software" value="Adobe Photoshop CC 2018 (Macintosh)"/>
          <property name="File/ImageHeight" value="2848"/>
          <property name="File/ImageWidth" value="4288"/>
          <property name="System/FileModifyDate" value="2019:06:18 10:19:04"/>
          <property name="System/FileSize" value="85750396"/>
        </meta>
      </photo>
    </camera>
    <camera camera_id="56">
      <photo path="../../../Time-Books/DSC_1092.tif">
        <meta>
          <property name="Exif/ApertureValue" value="6"/>
          <property name="Exif/DateTime" value="2019:06:18 10:19:53"/>
          <property name="Exif/DateTimeOriginal" value="2019:06:17 14:34:12"/>
          <property name="Exif/ExposureTime" value="0.0333333"/>
          <property name="Exif/FNumber" value="8"/>
          <property name="Exif/FocalLength" value="18"/>
          <property name="Exif/FocalLengthIn35mmFilm" value="27"/>
          <property name="Exif/ISOSpeedRatings" value="100"/>
          <property name="Exif/Make" value="NIKON CORPORATION"/>
          <property name="Exif/Model" value="NIKON D90"/>
          <property name="Exif/Orientation" value="1"/>
          <property name="Exif/ShutterSpeedValue" value="4.90689"/>
          <property name="Exif/Software" value="Adobe Photoshop CC 2018 (Macintosh)"/>
          <property name="File/ImageHeight" value="2848"/>
          <property name="File/ImageWidth" value="4288"/>
          <property name="System/FileModifyDate" value="2019:06:18 10:19:56"/>
          <property name="System/FileSize" value="85750588"/>
        </meta>
      </photo>
    </camera>
    <camera camera_id="57">
      <photo path="../../../Time-Books/DSC_1093.tif">
        <meta>
          <property name="Exif/ApertureValue" value="6"/>
          <property name="Exif/DateTime" value="2019:06:18 10:21:21"/>
          <property name="Exif/DateTimeOriginal" value="2019:06:17 14:34:24"/>
          <property name="Exif/ExposureTime" value="0.0333333"/>
          <property name="Exif/FNumber" value="8"/>
          <property name="Exif/FocalLength" value="18"/>
          <property name="Exif/FocalLengthIn35mmFilm" value="27"/>
          <property name="Exif/ISOSpeedRatings" value="100"/>
          <property name="Exif/Make" value="NIKON CORPORATION"/>
          <property name="Exif/Model" value="NIKON D90"/>
          <property name="Exif/Orientation" value="1"/>
          <property name="Exif/ShutterSpeedValue" value="4.90689"/>
          <property name="Exif/Software" value="Adobe Photoshop CC 2018 (Macintosh)"/>
          <property name="File/ImageHeight" value="2848"/>
          <property name="File/ImageWidth" value="4288"/>
          <property name="System/FileModifyDate" value="2019:06:18 10:21:23"/>
          <property name="System/FileSize" value="85584996"/>
        </meta>
      </photo>
    </camera>
    <camera camera_id="58">
      <photo path="../../../Time-Books/DSC_1094.tif">
        <meta>
          <property name="Exif/ApertureValue" value="6"/>
          <property name="Exif/DateTime" value="2019:06:18 10:22:13"/>
          <property name="Exif/DateTimeOriginal" value="2019:06:17 14:34:36"/>
          <property name="Exif/ExposureTime" value="0.0333333"/>
          <property name="Exif/FNumber" value="8"/>
          <property name="Exif/FocalLength" value="18"/>
          <property name="Exif/FocalLengthIn35mmFilm" value="27"/>
          <property name="Exif/ISOSpeedRatings" value="100"/>
          <property name="Exif/Make" value="NIKON CORPORATION"/>
          <property name="Exif/Model" value="NIKON D90"/>
          <property name="Exif/Orientation" value="1"/>
          <property name="Exif/ShutterSpeedValue" value="4.90689"/>
          <property name="Exif/Software" value="Adobe Photoshop CC 2018 (Macintosh)"/>
          <property name="File/ImageHeight" value="2848"/>
          <property name="File/ImageWidth" value="4288"/>
          <property name="System/FileModifyDate" value="2019:06:18 10:22:16"/>
          <property name="System/FileSize" value="85747508"/>
        </meta>
      </photo>
    </camera>
    <camera camera_id="59">
      <photo path="../../../Time-Books/DSC_1095.tif">
        <meta>
          <property name="Exif/ApertureValue" value="6"/>
          <property name="Exif/DateTime" value="2019:06:18 10:23:41"/>
          <property name="Exif/DateTimeOriginal" value="2019:06:17 14:34:47"/>
          <property name="Exif/ExposureTime" value="0.0333333"/>
          <property name="Exif/FNumber" value="8"/>
          <property name="Exif/FocalLength" value="18"/>
          <property name="Exif/FocalLengthIn35mmFilm" value="27"/>
          <property name="Exif/ISOSpeedRatings" value="100"/>
          <property name="Exif/Make" value="NIKON CORPORATION"/>
          <property name="Exif/Model" value="NIKON D90"/>
          <property name="Exif/Orientation" value="1"/>
          <property name="Exif/ShutterSpeedValue" value="4.90689"/>
          <property name="Exif/Software" value="Adobe Photoshop CC 2018 (Macintosh)"/>
          <property name="File/ImageHeight" value="2848"/>
          <property name="File/ImageWidth" value="4288"/>
          <property name="System/FileModifyDate" value="2019:06:18 10:23:44"/>
          <property name="System/FileSize" value="85642212"/>
        </meta>
      </photo>
    </camera>
    <camera camera_id="60">
      <photo path="../../../Time-Books/DSC_1096.tif">
        <meta>
          <property name="Exif/ApertureValue" value="6"/>
          <property name="Exif/DateTime" value="2019:06:18 10:26:05"/>
          <property name="Exif/DateTimeOriginal" value="2019:06:17 14:35:05"/>
          <property name="Exif/ExposureTime" value="0.0333333"/>
          <property name="Exif/FNumber" value="8"/>
          <property name="Exif/FocalLength" value="18"/>
          <property name="Exif/FocalLengthIn35mmFilm" value="27"/>
          <property name="Exif/ISOSpeedRatings" value="100"/>
          <property name="Exif/Make" value="NIKON CORPORATION"/>
          <property name="Exif/Model" value="NIKON D90"/>
          <property name="Exif/Orientation" value="1"/>
          <property name="Exif/ShutterSpeedValue" value="4.90689"/>
          <property name="Exif/Software" value="Adobe Photoshop CC 2018 (Macintosh)"/>
          <property name="File/ImageHeight" value="2848"/>
          <property name="File/ImageWidth" value="4288"/>
          <property name="System/FileModifyDate" value="2019:06:18 10:26:08"/>
          <property name="System/FileSize" value="85720524"/>
        </meta>
      </photo>
    </camera>
    <camera camera_id="61">
      <photo path="../../../Time-Books/DSC_1097.tif">
        <meta>
          <property name="Exif/ApertureValue" value="6"/>
          <property name="Exif/DateTime" value="2019:06:18 10:29:39"/>
          <property name="Exif/DateTimeOriginal" value="2019:06:17 14:35:20"/>
          <property name="Exif/ExposureTime" value="0.0333333"/>
          <property name="Exif/FNumber" value="8"/>
          <property name="Exif/FocalLength" value="18"/>
          <property name="Exif/FocalLengthIn35mmFilm" value="27"/>
          <property name="Exif/ISOSpeedRatings" value="100"/>
          <property name="Exif/Make" value="NIKON CORPORATION"/>
          <property name="Exif/Model" value="NIKON D90"/>
          <property name="Exif/Orientation" value="1"/>
          <property name="Exif/ShutterSpeedValue" value="4.90689"/>
          <property name="Exif/Software" value="Adobe Photoshop CC 2018 (Macintosh)"/>
          <property name="File/ImageHeight" value="2848"/>
          <property name="File/ImageWidth" value="4288"/>
          <property name="System/FileModifyDate" value="2019:06:18 10:29:42"/>
          <property name="System/FileSize" value="85626312"/>
        </meta>
      </photo>
    </camera>
    <camera camera_id="62">
      <photo path="../../../Time-Books/DSC_1098.tif">
        <meta>
          <property name="Exif/ApertureValue" value="6"/>
          <property name="Exif/DateTime" value="2019:06:18 10:31:00"/>
          <property name="Exif/DateTimeOriginal" value="2019:06:17 14:35:28"/>
          <property name="Exif/ExposureTime" value="0.0333333"/>
          <property name="Exif/FNumber" value="8"/>
          <property name="Exif/FocalLength" value="18"/>
          <property name="Exif/FocalLengthIn35mmFilm" value="27"/>
          <property name="Exif/ISOSpeedRatings" value="100"/>
          <property name="Exif/Make" value="NIKON CORPORATION"/>
          <property name="Exif/Model" value="NIKON D90"/>
          <property name="Exif/Orientation" value="1"/>
          <property name="Exif/ShutterSpeedValue" value="4.90689"/>
          <property name="Exif/Software" value="Adobe Photoshop CC 2018 (Macintosh)"/>
          <property name="File/ImageHeight" value="2848"/>
          <property name="File/ImageWidth" value="4288"/>
          <property name="System/FileModifyDate" value="2019:06:18 10:31:03"/>
          <property name="System/FileSize" value="85740056"/>
        </meta>
      </photo>
    </camera>
    <camera camera_id="63">
      <photo path="../../../Time-Books/DSC_1099.tif">
        <meta>
          <property name="Exif/ApertureValue" value="6"/>
          <property name="Exif/DateTime" value="2019:06:18 10:31:57"/>
          <property name="Exif/DateTimeOriginal" value="2019:06:17 14:35:38"/>
          <property name="Exif/ExposureTime" value="0.0333333"/>
          <property name="Exif/FNumber" value="8"/>
          <property name="Exif/FocalLength" value="18"/>
          <property name="Exif/FocalLengthIn35mmFilm" value="27"/>
          <property name="Exif/ISOSpeedRatings" value="100"/>
          <property name="Exif/Make" value="NIKON CORPORATION"/>
          <property name="Exif/Model" value="NIKON D90"/>
          <property name="Exif/Orientation" value="1"/>
          <property name="Exif/ShutterSpeedValue" value="4.90689"/>
          <property name="Exif/Software" value="Adobe Photoshop CC 2018 (Macintosh)"/>
          <property name="File/ImageHeight" value="2848"/>
          <property name="File/ImageWidth" value="4288"/>
          <property name="System/FileModifyDate" value="2019:06:18 10:32:00"/>
          <property name="System/FileSize" value="85738276"/>
        </meta>
      </photo>
    </camera>
  </cameras>
  <masks path="masks/masks.zip"/>
  <thumbnails path="thumbnails/thumbnails.zip"/>
  <point_cloud path="point_cloud/point_cloud.zip"/>
  <depth_maps id="0" path="depth_maps/depth_maps.zip"/>
  <dense_cloud id="0" path="dense_cloud/dense_cloud.zip"/>
  <model id="0" path="model.1/model.zip"/>
</frame>
