<?xml version="1.0" encoding="UTF-8"?>
<thumbnails version="1.2.0">
  <thumbnail camera_id="0" path="c0.png"/>
  <thumbnail camera_id="1" path="c1.png"/>
  <thumbnail camera_id="2" path="c2.png"/>
  <thumbnail camera_id="3" path="c3.png"/>
  <thumbnail camera_id="4" path="c4.png"/>
  <thumbnail camera_id="5" path="c5.png"/>
  <thumbnail camera_id="6" path="c6.png"/>
  <thumbnail camera_id="7" path="c7.png"/>
  <thumbnail camera_id="8" path="c8.png"/>
  <thumbnail camera_id="9" path="c9.png"/>
  <thumbnail camera_id="10" path="c10.png"/>
  <thumbnail camera_id="11" path="c11.png"/>
  <thumbnail camera_id="12" path="c12.png"/>
  <thumbnail camera_id="13" path="c13.png"/>
  <thumbnail camera_id="14" path="c14.png"/>
  <thumbnail camera_id="15" path="c15.png"/>
  <thumbnail camera_id="16" path="c16.png"/>
  <thumbnail camera_id="17" path="c17.png"/>
  <thumbnail camera_id="18" path="c18.png"/>
  <thumbnail camera_id="19" path="c19.png"/>
  <thumbnail camera_id="20" path="c20.png"/>
  <thumbnail camera_id="21" path="c21.png"/>
  <thumbnail camera_id="22" path="c22.png"/>
  <thumbnail camera_id="23" path="c23.png"/>
  <thumbnail camera_id="24" path="c24.png"/>
  <thumbnail camera_id="25" path="c25.png"/>
  <thumbnail camera_id="26" path="c26.png"/>
  <thumbnail camera_id="27" path="c27.png"/>
  <thumbnail camera_id="28" path="c28.png"/>
  <thumbnail camera_id="29" path="c29.png"/>
  <thumbnail camera_id="30" path="c30.png"/>
  <thumbnail camera_id="31" path="c31.png"/>
  <thumbnail camera_id="32" path="c32.png"/>
  <thumbnail camera_id="33" path="c33.png"/>
  <thumbnail camera_id="34" path="c34.png"/>
  <thumbnail camera_id="35" path="c35.png"/>
  <thumbnail camera_id="36" path="c36.png"/>
  <thumbnail camera_id="37" path="c37.png"/>
  <thumbnail camera_id="38" path="c38.png"/>
  <thumbnail camera_id="39" path="c39.png"/>
  <thumbnail camera_id="40" path="c40.png"/>
  <thumbnail camera_id="41" path="c41.png"/>
  <thumbnail camera_id="42" path="c42.png"/>
  <thumbnail camera_id="43" path="c43.png"/>
  <thumbnail camera_id="44" path="c44.png"/>
  <thumbnail camera_id="45" path="c45.png"/>
  <thumbnail camera_id="46" path="c46.png"/>
  <thumbnail camera_id="47" path="c47.png"/>
  <thumbnail camera_id="48" path="c48.png"/>
  <thumbnail camera_id="49" path="c49.png"/>
  <thumbnail camera_id="50" path="c50.png"/>
  <thumbnail camera_id="51" path="c51.png"/>
  <thumbnail camera_id="52" path="c52.png"/>
  <thumbnail camera_id="53" path="c53.png"/>
  <thumbnail camera_id="54" path="c54.png"/>
  <thumbnail camera_id="55" path="c55.png"/>
  <thumbnail camera_id="56" path="c56.png"/>
  <thumbnail camera_id="57" path="c57.png"/>
  <thumbnail camera_id="58" path="c58.png"/>
  <thumbnail camera_id="59" path="c59.png"/>
  <thumbnail camera_id="60" path="c60.png"/>
  <thumbnail camera_id="61" path="c61.png"/>
  <thumbnail camera_id="62" path="c62.png"/>
  <thumbnail camera_id="63" path="c63.png"/>
  <thumbnail camera_id="64" path="c64.png"/>
  <thumbnail camera_id="65" path="c65.png"/>
  <thumbnail camera_id="66" path="c66.png"/>
  <thumbnail camera_id="67" path="c67.png"/>
  <thumbnail camera_id="68" path="c68.png"/>
  <thumbnail camera_id="69" path="c69.png"/>
  <thumbnail camera_id="70" path="c70.png"/>
  <thumbnail camera_id="71" path="c71.png"/>
  <thumbnail camera_id="72" path="c72.png"/>
  <thumbnail camera_id="73" path="c73.png"/>
  <thumbnail camera_id="74" path="c74.png"/>
</thumbnails>
