<?xml version="1.0" encoding="UTF-8"?>
<point_cloud version="1.2.0">
  <params>
    <dataType>uint8</dataType>
    <bands>
      <band label="Red"/>
      <band label="Green"/>
      <band label="Blue"/>
    </bands>
  </params>
  <tracks path="tracks.ply" count="14614"/>
  <points path="points.ply" count="11918"/>
  <projections camera_id="65" path="p65.ply" count="825"/>
  <projections camera_id="66" path="p66.ply" count="300"/>
  <projections camera_id="67" path="p67.ply" count="171"/>
  <projections camera_id="68" path="p68.ply" count="153"/>
  <projections camera_id="69" path="p69.ply" count="553"/>
  <projections camera_id="70" path="p70.ply" count="873"/>
  <projections camera_id="71" path="p71.ply" count="835"/>
  <projections camera_id="72" path="p72.ply" count="804"/>
  <projections camera_id="73" path="p73.ply" count="642"/>
  <projections camera_id="74" path="p74.ply" count="199"/>
  <projections camera_id="75" path="p75.ply" count="80"/>
  <projections camera_id="76" path="p76.ply" count="205"/>
  <projections camera_id="77" path="p77.ply" count="488"/>
  <projections camera_id="78" path="p78.ply" count="683"/>
  <projections camera_id="79" path="p79.ply" count="826"/>
  <projections camera_id="80" path="p80.ply" count="689"/>
  <projections camera_id="81" path="p81.ply" count="954"/>
  <projections camera_id="82" path="p82.ply" count="870"/>
  <projections camera_id="83" path="p83.ply" count="830"/>
  <projections camera_id="84" path="p84.ply" count="598"/>
  <projections camera_id="85" path="p85.ply" count="430"/>
  <projections camera_id="86" path="p86.ply" count="339"/>
  <projections camera_id="87" path="p87.ply" count="263"/>
  <projections camera_id="88" path="p88.ply" count="457"/>
  <projections camera_id="89" path="p89.ply" count="367"/>
  <projections camera_id="90" path="p90.ply" count="280"/>
  <projections camera_id="91" path="p91.ply" count="297"/>
  <projections camera_id="92" path="p92.ply" count="292"/>
  <projections camera_id="93" path="p93.ply" count="453"/>
  <projections camera_id="94" path="p94.ply" count="610"/>
  <projections camera_id="95" path="p95.ply" count="808"/>
  <projections camera_id="96" path="p96.ply" count="855"/>
  <projections camera_id="97" path="p97.ply" count="1080"/>
  <projections camera_id="98" path="p98.ply" count="1030"/>
  <projections camera_id="99" path="p99.ply" count="1018"/>
  <projections camera_id="100" path="p100.ply" count="750"/>
  <projections camera_id="101" path="p101.ply" count="506"/>
  <projections camera_id="102" path="p102.ply" count="339"/>
  <projections camera_id="103" path="p103.ply" count="316"/>
  <projections camera_id="104" path="p104.ply" count="997"/>
  <projections camera_id="105" path="p105.ply" count="1228"/>
  <projections camera_id="106" path="p106.ply" count="939"/>
  <projections camera_id="107" path="p107.ply" count="496"/>
  <projections camera_id="108" path="p108.ply" count="459"/>
  <projections camera_id="109" path="p109.ply" count="293"/>
  <projections camera_id="110" path="p110.ply" count="288"/>
  <projections camera_id="111" path="p111.ply" count="490"/>
  <projections camera_id="112" path="p112.ply" count="711"/>
  <projections camera_id="113" path="p113.ply" count="1013"/>
  <projections camera_id="114" path="p114.ply" count="996"/>
  <projections camera_id="115" path="p115.ply" count="1287"/>
  <projections camera_id="116" path="p116.ply" count="1107"/>
  <projections camera_id="117" path="p117.ply" count="801"/>
  <projections camera_id="118" path="p118.ply" count="433"/>
  <projections camera_id="119" path="p119.ply" count="251"/>
  <projections camera_id="120" path="p120.ply" count="152"/>
  <projections camera_id="121" path="p121.ply" count="88"/>
  <projections camera_id="122" path="p122.ply" count="373"/>
  <projections camera_id="123" path="p123.ply" count="561"/>
  <projections camera_id="124" path="p124.ply" count="486"/>
  <projections camera_id="125" path="p125.ply" count="171"/>
  <projections camera_id="126" path="p126.ply" count="135"/>
  <projections camera_id="127" path="p127.ply" count="237"/>
  <projections camera_id="128" path="p128.ply" count="374"/>
  <projections camera_id="129" path="p129.ply" count="823"/>
  <projections camera_id="130" path="p130.ply" count="1260"/>
  <projections camera_id="131" path="p131.ply" count="1139"/>
  <projections camera_id="132" path="p132.ply" count="974"/>
  <projections camera_id="133" path="p133.ply" count="780"/>
  <projections camera_id="134" path="p134.ply" count="304"/>
  <projections camera_id="135" path="p135.ply" count="185"/>
  <projections camera_id="136" path="p136.ply" count="147"/>
  <projections camera_id="137" path="p137.ply" count="495"/>
  <projections camera_id="138" path="p138.ply" count="824"/>
  <projections camera_id="139" path="p139.ply" count="983"/>
  <projections camera_id="140" path="p140.ply" count="919"/>
  <projections camera_id="141" path="p141.ply" count="643"/>
  <projections camera_id="142" path="p142.ply" count="185"/>
  <projections camera_id="143" path="p143.ply" count="116"/>
  <projections camera_id="144" path="p144.ply" count="251"/>
  <projections camera_id="145" path="p145.ply" count="679"/>
  <projections camera_id="146" path="p146.ply" count="948"/>
  <meta>
    <property name="match/duration" value="155.617499"/>
    <property name="match/mask_tiepoints" value="true"/>
    <property name="match/match_downscale" value="1"/>
    <property name="match/match_filter_mask" value="true"/>
    <property name="match/match_point_limit" value="40000"/>
    <property name="match/match_preselection_generic" value="true"/>
    <property name="match/match_tiepoint_limit" value="4000"/>
  </meta>
</point_cloud>
